candidate_id,activity_id_a,activity_id_b,candidate_reasons,candidate_confidence,review_status,merge_applied
cand-6424e79901d8105a,tpa-0031dc58b3fc1d,tpa-24845ca4544447,exact_normalized_address;shared_city_building_folio,medium,pending_human_review,no
cand-e63e2e2a8efc38fa,tpa-0031dc58b3fc1d,tpa-543e744c7a45c5,exact_normalized_address,low,pending_human_review,no
cand-e173a685aed17575,tpa-0031dc58b3fc1d,tpa-cc0714384a05a8,exact_normalized_address;shared_city_building_folio,medium,pending_human_review,no
cand-daff75f412a2d560,tpa-01298bb3030bc9,tpa-c9a60883826e43,exact_normalized_address,low,pending_human_review,no
cand-16c1f07a82ffadf6,tpa-02336b02cb67ca,tpa-e50fea9487c27d,exact_normalized_address,low,pending_human_review,no
cand-27c8b6db6cfd5d88,tpa-027b356f1ea6f1,tpa-50a7fd05573da1,shared_city_building_folio,low,pending_human_review,no
cand-fc4728baa940f232,tpa-0294796bd57629,tpa-6d768f585bcc37,exact_normalized_address,low,pending_human_review,no
cand-6b998ec5ca66638a,tpa-0294796bd57629,tpa-f140a64e823f21,exact_normalized_address,low,pending_human_review,no
cand-2baa5509aa1377c8,tpa-0296081f293823,tpa-08a1c12a9f9038,exact_normalized_address,low,pending_human_review,no
cand-9749954e6d76c42f,tpa-0296081f293823,tpa-0d3837c4e9d315,exact_normalized_address,low,pending_human_review,no
cand-98d6c08f4219e3a3,tpa-0296081f293823,tpa-3f6ded89aebfa3,exact_normalized_address,low,pending_human_review,no
cand-0cf56786a057e130,tpa-0296081f293823,tpa-4d566dea5d9045,exact_normalized_address,low,pending_human_review,no
cand-af205b2b9e55e5cf,tpa-0296081f293823,tpa-4e54d20537af5d,exact_normalized_address,low,pending_human_review,no
cand-4291d6ad6b79ff39,tpa-0296081f293823,tpa-5da8c7f504a7c2,exact_normalized_address,low,pending_human_review,no
cand-90c64800a68e3ef2,tpa-0296081f293823,tpa-639c5de6136528,exact_normalized_address,low,pending_human_review,no
cand-daac8a6519ec59ee,tpa-0296081f293823,tpa-6ce45f881f1a0a,exact_normalized_address,low,pending_human_review,no
cand-fdb0aeaa6a4a7759,tpa-0296081f293823,tpa-b10575f6418799,exact_normalized_address,low,pending_human_review,no
cand-d17288630f22077a,tpa-0296081f293823,tpa-b2f916fe77020c,exact_normalized_address,low,pending_human_review,no
cand-7065e3bb3fbab9d3,tpa-0296081f293823,tpa-bb9f17ba7450b0,exact_normalized_address,low,pending_human_review,no
cand-2cfd43b9fbb3a401,tpa-0296081f293823,tpa-c0840dcddf84f5,exact_normalized_address,low,pending_human_review,no
cand-a849b208e0e7da0a,tpa-0296081f293823,tpa-c45e95d0d0bb78,exact_normalized_address,low,pending_human_review,no
cand-722389d80ef7dd34,tpa-0296081f293823,tpa-dbb325a1b4622b,exact_normalized_address,low,pending_human_review,no
cand-f49617de6bd3493b,tpa-0296081f293823,tpa-dda930a5a7507d,exact_normalized_address,low,pending_human_review,no
cand-6bd0488774c44bbe,tpa-0296081f293823,tpa-f580fde975c97d,exact_normalized_address,low,pending_human_review,no
cand-e27f9d075e1b2ab2,tpa-0296081f293823,tpa-f75d1b96128237,exact_normalized_address,low,pending_human_review,no
cand-66212113085f4c77,tpa-02f6ebaca44453,tpa-cda72cb79af181,exact_normalized_address,low,pending_human_review,no
cand-c523bf0b9108cd0a,tpa-032f33cd19b08e,tpa-fcda5c3b44f310,exact_normalized_address,low,pending_human_review,no
cand-0cb86ea1ccc234b5,tpa-03f4eacb9e9ccd,tpa-163c69906d3b34,exact_normalized_address,low,pending_human_review,no
cand-599360e94e502157,tpa-03f4eacb9e9ccd,tpa-1e226b69b46a00,exact_normalized_address,low,pending_human_review,no
cand-fa50875472ce4aca,tpa-03f4eacb9e9ccd,tpa-436314f6369a61,exact_normalized_address,low,pending_human_review,no
cand-4576dda2c7cffaa2,tpa-03f4eacb9e9ccd,tpa-6b3c6c3585b6a5,exact_normalized_address,low,pending_human_review,no
cand-7bcaebad0635e3b2,tpa-03f4eacb9e9ccd,tpa-76c64af42041ad,exact_normalized_address,low,pending_human_review,no
cand-ee72e008056eb07f,tpa-045e51addb8e4c,tpa-9f82d40156267e,shared_city_building_folio,low,pending_human_review,no
cand-7739754fb070072c,tpa-0484a3f2f67485,tpa-5133fc4419a030,shared_city_building_folio,low,pending_human_review,no
cand-5748e3577c02122f,tpa-0506341e9e7f4c,tpa-29d52b9c52c469,exact_normalized_address,low,pending_human_review,no
cand-fa2ec9f400dda7f3,tpa-0506341e9e7f4c,tpa-a357330cddd2cf,exact_normalized_address,low,pending_human_review,no
cand-5fb342e3a931fb17,tpa-05aa6d4bf41c3b,tpa-0e76aa549d575a,exact_normalized_address,low,pending_human_review,no
cand-a3e89b89bd347023,tpa-05aa6d4bf41c3b,tpa-3a5d351545a77a,exact_normalized_address,low,pending_human_review,no
cand-0176a3b54248337e,tpa-05aa6d4bf41c3b,tpa-3f887726df0ff4,exact_normalized_address,low,pending_human_review,no
cand-9c4b3f5f80d045e4,tpa-05aa6d4bf41c3b,tpa-3fffd2b9db4775,exact_normalized_address,low,pending_human_review,no
cand-b77361ecce18d8d2,tpa-0742b46bc5e61c,tpa-661bab5f7188ad,exact_normalized_address,low,pending_human_review,no
cand-88120342052a2f8d,tpa-0844508e90a91e,tpa-ec86e0e5aaa45c,exact_normalized_address;shared_city_building_folio,medium,pending_human_review,no
cand-7ccd312c2371fb82,tpa-0899f92d0558ac,tpa-4dbada28c448f4,exact_normalized_address,low,pending_human_review,no
cand-5d7e934c9352c403,tpa-0899f92d0558ac,tpa-929536658247fb,exact_normalized_address,low,pending_human_review,no
cand-d0dfee7a907d0697,tpa-0899f92d0558ac,tpa-e4e8c0c9e5dd84,exact_normalized_address,low,pending_human_review,no
cand-e11bf341f670facc,tpa-08a1c12a9f9038,tpa-0d3837c4e9d315,exact_normalized_address,low,pending_human_review,no
cand-f54dbfabe9f9f8ad,tpa-08a1c12a9f9038,tpa-3f6ded89aebfa3,exact_normalized_address,low,pending_human_review,no
cand-e1591f0424f9bab2,tpa-08a1c12a9f9038,tpa-4d566dea5d9045,exact_normalized_address,low,pending_human_review,no
cand-aeb6406e17ae040c,tpa-08a1c12a9f9038,tpa-4e54d20537af5d,exact_normalized_address,low,pending_human_review,no
cand-214182188cccb164,tpa-08a1c12a9f9038,tpa-5da8c7f504a7c2,exact_normalized_address,low,pending_human_review,no
cand-479ae2c08bcce309,tpa-08a1c12a9f9038,tpa-639c5de6136528,exact_normalized_address,low,pending_human_review,no
cand-167e84815cb668d2,tpa-08a1c12a9f9038,tpa-6ce45f881f1a0a,exact_normalized_address,low,pending_human_review,no
cand-8e7dfb981ea9f3a8,tpa-08a1c12a9f9038,tpa-b10575f6418799,exact_normalized_address,low,pending_human_review,no
cand-9c31e9870bf08d20,tpa-08a1c12a9f9038,tpa-b2f916fe77020c,exact_normalized_address,low,pending_human_review,no
cand-1982b150cff6fc79,tpa-08a1c12a9f9038,tpa-bb9f17ba7450b0,exact_normalized_address,low,pending_human_review,no
cand-ad5b36dc9c1e00d5,tpa-08a1c12a9f9038,tpa-c0840dcddf84f5,exact_normalized_address,low,pending_human_review,no
cand-e4c06b33d9b3307b,tpa-08a1c12a9f9038,tpa-c45e95d0d0bb78,exact_normalized_address,low,pending_human_review,no
cand-709f7feb92b7f635,tpa-08a1c12a9f9038,tpa-dbb325a1b4622b,exact_normalized_address,low,pending_human_review,no
cand-8bfa74c5d6f297e5,tpa-08a1c12a9f9038,tpa-dda930a5a7507d,exact_normalized_address,low,pending_human_review,no
cand-79248d9f47201fc4,tpa-08a1c12a9f9038,tpa-f580fde975c97d,exact_normalized_address,low,pending_human_review,no
cand-9b0b229636b5ddec,tpa-08a1c12a9f9038,tpa-f75d1b96128237,exact_normalized_address,low,pending_human_review,no
cand-58536ee5070dbe79,tpa-091ed6d5018ab8,tpa-835286970c5efb,exact_normalized_address;shared_city_building_folio,medium,pending_human_review,no
cand-38e684887cfec36e,tpa-09b2b1642a06c4,tpa-281313a5dff50d,exact_normalized_address,low,pending_human_review,no
cand-71dbd396ef6325fe,tpa-09b2b1642a06c4,tpa-3e20d09012ddfd,exact_normalized_address,low,pending_human_review,no
cand-e1e77dad15c192fc,tpa-09b2b1642a06c4,tpa-d987e6142b19c9,exact_normalized_address,low,pending_human_review,no
cand-bc33516d70ab2394,tpa-09b5120d1d7c24,tpa-0c24554388268b,exact_normalized_address,low,pending_human_review,no
cand-e182ce9533644b9a,tpa-09b5120d1d7c24,tpa-520eaf72c0ac8b,exact_normalized_address,low,pending_human_review,no
cand-f19a4393fdc2eff4,tpa-09b5120d1d7c24,tpa-e407dc24ba743f,exact_normalized_address,low,pending_human_review,no
cand-eabd7a6fff12510d,tpa-09b8b1f5465cfb,tpa-258d15e56eb1f0,shared_city_building_folio,low,pending_human_review,no
cand-dfd4687c0f93f0f1,tpa-0a90fc82c7f60e,tpa-33ef6f465319f0,exact_normalized_address,low,pending_human_review,no
cand-d28b4f16daf4f4c9,tpa-0a90fc82c7f60e,tpa-71c734b38bf051,exact_normalized_address,low,pending_human_review,no
cand-7f5e2a36c52cd3a5,tpa-0b0951574d14af,tpa-202acca313e70a,exact_normalized_address,low,pending_human_review,no
cand-e98df8e83f2f3678,tpa-0b0951574d14af,tpa-97d738ba61f354,exact_normalized_address,low,pending_human_review,no
cand-ae799d0a53c96bc0,tpa-0b0951574d14af,tpa-a77d48b8d5071b,exact_normalized_address,low,pending_human_review,no
cand-cfb0d02e9bf1b496,tpa-0b33f5aeb24483,tpa-fd8572682df12d,exact_normalized_address,low,pending_human_review,no
cand-367f4c6f9e1a41f8,tpa-0b81bbded39d48,tpa-aec0a9bc48dce7,exact_normalized_address,low,pending_human_review,no
cand-74a88edc56a9236b,tpa-0ba4a20a7efed0,tpa-5ba0e6458aee35,exact_normalized_address,low,pending_human_review,no
cand-e28dd86866efca62,tpa-0c24554388268b,tpa-520eaf72c0ac8b,exact_normalized_address,low,pending_human_review,no
cand-7a1a95d510ee4615,tpa-0c24554388268b,tpa-e407dc24ba743f,exact_normalized_address,low,pending_human_review,no
cand-86b6626518e67076,tpa-0d0772df9c848a,tpa-d570dccd6fbf7c,exact_normalized_address;shared_city_building_folio,medium,pending_human_review,no
cand-04932f94fe0f7bd2,tpa-0d3837c4e9d315,tpa-3f6ded89aebfa3,exact_normalized_address,low,pending_human_review,no
cand-eb23a1b4e0ecbb91,tpa-0d3837c4e9d315,tpa-4d566dea5d9045,exact_normalized_address,low,pending_human_review,no
cand-830a8f0035718387,tpa-0d3837c4e9d315,tpa-4e54d20537af5d,exact_normalized_address,low,pending_human_review,no
cand-8523e3541bfd9705,tpa-0d3837c4e9d315,tpa-5da8c7f504a7c2,exact_normalized_address,low,pending_human_review,no
cand-55a2402edaba59b1,tpa-0d3837c4e9d315,tpa-639c5de6136528,exact_normalized_address,low,pending_human_review,no
cand-13cc549b2ccad808,tpa-0d3837c4e9d315,tpa-6ce45f881f1a0a,exact_normalized_address,low,pending_human_review,no
cand-96313d1421327f96,tpa-0d3837c4e9d315,tpa-b10575f6418799,exact_normalized_address,low,pending_human_review,no
cand-8a35bfcaef2235c5,tpa-0d3837c4e9d315,tpa-b2f916fe77020c,exact_normalized_address,low,pending_human_review,no
cand-42db5fd06d229be1,tpa-0d3837c4e9d315,tpa-bb9f17ba7450b0,exact_normalized_address,low,pending_human_review,no
cand-262229f1a6c646b1,tpa-0d3837c4e9d315,tpa-c0840dcddf84f5,exact_normalized_address,low,pending_human_review,no
cand-265179486cc5a7f9,tpa-0d3837c4e9d315,tpa-c45e95d0d0bb78,exact_normalized_address,low,pending_human_review,no
cand-7b654ff29f8d29f1,tpa-0d3837c4e9d315,tpa-dbb325a1b4622b,exact_normalized_address,low,pending_human_review,no
cand-9e8aebdb584ac94e,tpa-0d3837c4e9d315,tpa-dda930a5a7507d,exact_normalized_address,low,pending_human_review,no
cand-e362009b518bbd36,tpa-0d3837c4e9d315,tpa-f580fde975c97d,exact_normalized_address,low,pending_human_review,no
cand-27c70bf306e103df,tpa-0d3837c4e9d315,tpa-f75d1b96128237,exact_normalized_address,low,pending_human_review,no
cand-c848967fc27dfd4d,tpa-0daba79fdc3269,tpa-54ff524ddc9eed,exact_normalized_address,low,pending_human_review,no
cand-03f93478424236f2,tpa-0daba79fdc3269,tpa-5f28050f927cc8,exact_normalized_address,low,pending_human_review,no
cand-bcd2327b419022d5,tpa-0db7a85e11ccea,tpa-5bf38c9428217f,exact_normalized_address,low,pending_human_review,no
cand-ca28d3c2d296e716,tpa-0e1f94acc4af98,tpa-5200b32795a081,shared_city_building_folio,low,pending_human_review,no
cand-091350cff9263b7f,tpa-0e76aa549d575a,tpa-3a5d351545a77a,exact_normalized_address,low,pending_human_review,no
cand-6b03771947f0bd58,tpa-0e76aa549d575a,tpa-3f887726df0ff4,exact_normalized_address,low,pending_human_review,no
cand-ef97cfa5389642c0,tpa-0e76aa549d575a,tpa-3fffd2b9db4775,exact_normalized_address,low,pending_human_review,no
cand-fa730c1d98765298,tpa-0e9873042aff46,tpa-6d53049560016b,shared_city_building_folio,low,pending_human_review,no
cand-dd31eddbe0d31900,tpa-0e9c1f282c3a71,tpa-3c7b510d74f0d2,exact_normalized_address,low,pending_human_review,no
cand-60ae78503912daaa,tpa-0ed1fa46c340e8,tpa-840bd70b6621ac,exact_normalized_address,low,pending_human_review,no
cand-af1bf37f40ad7ba4,tpa-0f28f1007860a8,tpa-3af3092a60248c,exact_normalized_address,low,pending_human_review,no
cand-4c6117db790e53a1,tpa-1048b6cb3845c1,tpa-bfe47951ea5bea,exact_normalized_address,low,pending_human_review,no
cand-b5ef769450096616,tpa-117c8bdd587be3,tpa-641715e6bef607,exact_normalized_address,low,pending_human_review,no
cand-d4f23c535b7d4d31,tpa-11b60937dcffaf,tpa-d4e8eb8a4cafd0,exact_normalized_address,low,pending_human_review,no
cand-ec0b4b6befc67b0d,tpa-11b60937dcffaf,tpa-e3b95482fa6a8e,exact_normalized_address,low,pending_human_review,no
cand-ad2fb7cd2245a69a,tpa-122e7a89c3f149,tpa-6fd7f19befdce6,exact_normalized_address;shared_city_building_folio,medium,pending_human_review,no
cand-4b805656507b23a5,tpa-123af623dee9b0,tpa-db2f95ad156d99,exact_normalized_address,low,pending_human_review,no
cand-422325e20cd89a7a,tpa-12634ea2ae0857,tpa-7da8b42cf6ae43,exact_normalized_address,low,pending_human_review,no
cand-3a99476719474373,tpa-13b45f314bd0a9,tpa-b4ad70f73e1d4b,exact_normalized_address,low,pending_human_review,no
cand-182ec827af10eb82,tpa-13c2ceb279e24c,tpa-49869351fbf811,shared_city_building_folio,low,pending_human_review,no
cand-758d2b92df905b56,tpa-14aafd7d6f9a3c,tpa-c80f3ee83f25dc,exact_normalized_address,low,pending_human_review,no
cand-a08b54a1015b8071,tpa-159e2a073a10e3,tpa-3212f3cc3b2855,exact_normalized_address;shared_city_building_folio,medium,pending_human_review,no
cand-8962d4dc40bf2382,tpa-159e2a073a10e3,tpa-35b9b97f3d7227,exact_normalized_address;shared_city_building_folio,medium,pending_human_review,no
cand-b7fd53f1cc125abd,tpa-159e2a073a10e3,tpa-753135ef983deb,exact_normalized_address;shared_city_building_folio,medium,pending_human_review,no
cand-60fb79674ca0c757,tpa-159e2a073a10e3,tpa-837ab0ae3ea439,exact_normalized_address;shared_city_building_folio,medium,pending_human_review,no
cand-a78f1fce4be693c1,tpa-159e2a073a10e3,tpa-94b8d8e526d617,exact_normalized_address;shared_city_building_folio,medium,pending_human_review,no
cand-439a809bdf4b609f,tpa-159e2a073a10e3,tpa-a3cc13934af166,exact_normalized_address;shared_city_building_folio,medium,pending_human_review,no
cand-b2acaae2f20c78dc,tpa-159e2a073a10e3,tpa-ca5fb9eae9e92a,exact_normalized_address;shared_city_building_folio,medium,pending_human_review,no
cand-1a30fc7ab330ea16,tpa-159e2a073a10e3,tpa-d48724c8c9c6cd,exact_normalized_address,low,pending_human_review,no
cand-dbf5690f64240e1c,tpa-159e2a073a10e3,tpa-dba5a1180e73b0,exact_normalized_address;shared_city_building_folio,medium,pending_human_review,no
cand-fd36637bd2875625,tpa-159e2a073a10e3,tpa-dc7bf4ecde575f,exact_normalized_address;shared_city_building_folio,medium,pending_human_review,no
cand-6d55b092f280c4e6,tpa-159e2a073a10e3,tpa-f1c346905aac98,exact_normalized_address,low,pending_human_review,no
cand-6bdb87729b7f6a3f,tpa-15d176e8cb7277,tpa-b2287f3bd9d6af,exact_normalized_address,low,pending_human_review,no
cand-8653abfd6d87e755,tpa-15de663c1b00e5,tpa-99954025dabf54,exact_normalized_address;shared_city_building_folio,medium,pending_human_review,no
cand-4a5d593b81fe48bd,tpa-163c69906d3b34,tpa-1e226b69b46a00,exact_normalized_address,low,pending_human_review,no
cand-c2ead605fb8f7d9e,tpa-163c69906d3b34,tpa-436314f6369a61,exact_normalized_address,low,pending_human_review,no
cand-174c6edcbdddf1c5,tpa-163c69906d3b34,tpa-6b3c6c3585b6a5,exact_normalized_address,low,pending_human_review,no
cand-5439a5145b524dd0,tpa-163c69906d3b34,tpa-76c64af42041ad,exact_normalized_address,low,pending_human_review,no
cand-cdb8eb20651060dd,tpa-1644e2c2a739c7,tpa-3b2784a88e16f4,exact_normalized_address,low,pending_human_review,no
cand-571af820e59f6326,tpa-1644e2c2a739c7,tpa-6446694fb39caa,exact_normalized_address,low,pending_human_review,no
cand-ce9f1bcfd2da200a,tpa-1644e2c2a739c7,tpa-6f3fb0c6c08867,exact_normalized_address,low,pending_human_review,no
cand-127cc26427265933,tpa-1644e2c2a739c7,tpa-b56f7afdb3ed13,exact_normalized_address,low,pending_human_review,no
cand-4df5ec932ccafef1,tpa-1644e2c2a739c7,tpa-ba274783ba6307,exact_normalized_address,low,pending_human_review,no
cand-591c4caa127cc3ff,tpa-165c0bd016a8bb,tpa-1b98352611b123,exact_normalized_address,low,pending_human_review,no
cand-ba00037c8ed74d58,tpa-176b1b1474a2d1,tpa-2760c5a91cef80,shared_city_building_folio,low,pending_human_review,no
cand-f087745019c20e1d,tpa-176b1b1474a2d1,tpa-360ec28e959ae1,shared_city_building_folio,low,pending_human_review,no
cand-4e4cc74d45c1ce75,tpa-176b1b1474a2d1,tpa-3874efd8d5b4cd,shared_city_building_folio,low,pending_human_review,no
cand-fed65fa7efd78d01,tpa-176b1b1474a2d1,tpa-aa3bcf451f27f2,exact_normalized_address;shared_city_building_folio,medium,pending_human_review,no
cand-7c9fdae3afadb84d,tpa-17e38a67e8b145,tpa-fe64a07876f336,exact_normalized_address,low,pending_human_review,no
cand-f99e7fe6119d094c,tpa-1893453684f8c0,tpa-224369ba64ea8a,exact_normalized_address,low,pending_human_review,no
cand-cf29077943103913,tpa-18c9e659a35f1d,tpa-9ffce380f424ee,exact_normalized_address,low,pending_human_review,no
cand-3319af780fe4eebc,tpa-18d0bca9bdffa9,tpa-f80a01d50affd9,exact_normalized_address;shared_city_building_folio,medium,pending_human_review,no
cand-21180a2812dcc2ea,tpa-18d51d48036a8b,tpa-4961e3901719d4,exact_normalized_address,low,pending_human_review,no
cand-874a575b32e50183,tpa-18d51d48036a8b,tpa-4b7d361b594460,exact_normalized_address,low,pending_human_review,no
cand-b6754587377b876a,tpa-18d51d48036a8b,tpa-932eb03636507a,exact_normalized_address,low,pending_human_review,no
cand-8dba2c68d7556c61,tpa-18d51d48036a8b,tpa-a732a51d6cdf33,exact_normalized_address,low,pending_human_review,no
cand-e2ce9e0eb05cb505,tpa-18d51d48036a8b,tpa-ffe358fdc00f69,exact_normalized_address,low,pending_human_review,no
cand-e0403f066c157eed,tpa-18e096e88663da,tpa-20635c5f8dbcac,exact_normalized_address;shared_city_building_folio,medium,pending_human_review,no
cand-0b11bcbb7e3e2c6c,tpa-18e096e88663da,tpa-6fdd9525443cb1,shared_city_building_folio,low,pending_human_review,no
cand-34e86d181ffde085,tpa-18e096e88663da,tpa-8681fda42dd0ff,shared_city_building_folio,low,pending_human_review,no
cand-6884dae6ef444c81,tpa-18e096e88663da,tpa-aef08567fad618,shared_city_building_folio,low,pending_human_review,no
cand-d05935654bed23ad,tpa-18e096e88663da,tpa-c3125164df8d13,shared_city_building_folio,low,pending_human_review,no
cand-47606f72e616b468,tpa-18e096e88663da,tpa-d60f7ed42f12b8,shared_city_building_folio,low,pending_human_review,no
cand-72beeb6f082725a5,tpa-18e096e88663da,tpa-edbfb7ebee2316,shared_city_building_folio,low,pending_human_review,no
cand-3685957f13d12d28,tpa-18efac5029086e,tpa-e1f6cdc6fbff4e,shared_city_building_folio,low,pending_human_review,no
cand-256ee6b11663e39a,tpa-19db7051a542f3,tpa-3bb6bb32c259e0,exact_normalized_address,low,pending_human_review,no
cand-a097e38fb53e22dd,tpa-1aa6da192bef31,tpa-fad009f100f5e9,exact_normalized_address,low,pending_human_review,no
cand-bc07a901e6065f61,tpa-1b96b96c20c45e,tpa-a1387768b62207,shared_city_building_folio,low,pending_human_review,no
cand-076adc511bf3afb6,tpa-1c4f1ad885e95c,tpa-cd77580601088e,exact_normalized_address,low,pending_human_review,no
cand-deee1c2af0f64a33,tpa-1c5117a4fcc7cb,tpa-d63fca8f8782ce,exact_normalized_address;shared_city_building_folio,medium,pending_human_review,no
cand-c40b9e72360ebde1,tpa-1d3edffd3bbfbb,tpa-28f8c72d6b0e22,exact_normalized_address,low,pending_human_review,no
cand-1ddd3d33b4e2b2c8,tpa-1d3edffd3bbfbb,tpa-8562549d167076,exact_normalized_address,low,pending_human_review,no
cand-7a4fba22998ee100,tpa-1d3edffd3bbfbb,tpa-8dfd99cc25e194,exact_normalized_address,low,pending_human_review,no
cand-c5f8612237c30fb5,tpa-1d3edffd3bbfbb,tpa-e480f8b52b8eaf,exact_normalized_address,low,pending_human_review,no
cand-ef67817dfec34b9e,tpa-1d4aeacdbee34e,tpa-498f7dbd762b3f,shared_city_building_folio,low,pending_human_review,no
cand-1d2de31ab94ee819,tpa-1d4aeacdbee34e,tpa-e2a92aee6d076e,shared_city_building_folio,low,pending_human_review,no
cand-4a207e8574460ae1,tpa-1e226b69b46a00,tpa-436314f6369a61,exact_normalized_address,low,pending_human_review,no
cand-4e8870016f625c62,tpa-1e226b69b46a00,tpa-6b3c6c3585b6a5,exact_normalized_address,low,pending_human_review,no
cand-97879728c09aa73f,tpa-1e226b69b46a00,tpa-76c64af42041ad,exact_normalized_address,low,pending_human_review,no
cand-6332391ed80f9474,tpa-1f2c3836c5ecb7,tpa-fed7319c3ecb7c,exact_normalized_address;shared_city_building_folio,medium,pending_human_review,no
cand-05ca748b05fb9cef,tpa-1f727ef9bba71f,tpa-5a2855c2d4a0cd,exact_normalized_address;shared_city_building_folio,medium,pending_human_review,no
cand-320f782a3fc2c724,tpa-20100da395bb0d,tpa-951e1ec3d57f7c,exact_normalized_address;shared_city_building_folio,medium,pending_human_review,no
cand-6de231e98a3b026d,tpa-202acca313e70a,tpa-97d738ba61f354,exact_normalized_address,low,pending_human_review,no
cand-94f6e44721800b7f,tpa-202acca313e70a,tpa-a77d48b8d5071b,exact_normalized_address,low,pending_human_review,no
cand-b00c2128774b8a85,tpa-20635c5f8dbcac,tpa-6fdd9525443cb1,shared_city_building_folio,low,pending_human_review,no
cand-b09379c390381a7d,tpa-20635c5f8dbcac,tpa-8681fda42dd0ff,shared_city_building_folio,low,pending_human_review,no
cand-0437cb44a9b81f43,tpa-20635c5f8dbcac,tpa-aef08567fad618,shared_city_building_folio,low,pending_human_review,no
cand-746ebd8003a61397,tpa-20635c5f8dbcac,tpa-c3125164df8d13,shared_city_building_folio,low,pending_human_review,no
cand-091e88e6cac41433,tpa-20635c5f8dbcac,tpa-d60f7ed42f12b8,shared_city_building_folio,low,pending_human_review,no
cand-ffa3f5dd5696e05f,tpa-20635c5f8dbcac,tpa-edbfb7ebee2316,shared_city_building_folio,low,pending_human_review,no
cand-2567ca5151410a7e,tpa-208a2577af0c74,tpa-48d9713e1c0512,exact_normalized_address;shared_city_building_folio,medium,pending_human_review,no
cand-3f9cab5346ba4751,tpa-208a2577af0c74,tpa-ea8ae8e45aa79a,exact_normalized_address;shared_city_building_folio,medium,pending_human_review,no
cand-521ab29334e4f68f,tpa-20e011419fa111,tpa-b01b9c13cc057e,exact_normalized_address;shared_city_building_folio,medium,pending_human_review,no
cand-38bb7af2a2fc8a01,tpa-210d13a79dbee0,tpa-683ac62998f89d,shared_city_building_folio,low,pending_human_review,no
cand-fb6dea6013483b8c,tpa-210e8e9787b2b7,tpa-f335765362b5a5,exact_normalized_address;shared_city_building_folio,medium,pending_human_review,no
cand-c06d819562734c2d,tpa-21de62a5b19907,tpa-df5d6fec6dcd3b,exact_normalized_address,low,pending_human_review,no
cand-3660a9267d0beb8a,tpa-220f68136c8678,tpa-9a8ec1cfa721e9,exact_normalized_address,low,pending_human_review,no
cand-152ba95d4c1c2002,tpa-22101f688eb9cd,tpa-8ca352f7f52422,exact_normalized_address,low,pending_human_review,no
cand-011bcb2e80229195,tpa-2243f57773c938,tpa-609079756e9d31,exact_normalized_address,low,pending_human_review,no
cand-313fd1e7a7d9369c,tpa-225df8d9d1d7d3,tpa-81fa1fdc53e785,exact_normalized_address,low,pending_human_review,no
cand-dba99ee95e5b2ac4,tpa-22e1c5704487c3,tpa-8035eaf30fb2d0,exact_normalized_address,low,pending_human_review,no
cand-2d165ecb7e5cfb94,tpa-2349bf8d286e67,tpa-3cd9804b83a52a,exact_normalized_address,low,pending_human_review,no
cand-270017822b8b6538,tpa-23e58d7a13430d,tpa-5b48b1cc3f933d,exact_normalized_address,low,pending_human_review,no
cand-42f77c69c8ae5b2a,tpa-24845ca4544447,tpa-543e744c7a45c5,exact_normalized_address,low,pending_human_review,no
cand-eb6f1e50ff38ad90,tpa-24845ca4544447,tpa-cc0714384a05a8,exact_normalized_address;shared_city_building_folio,medium,pending_human_review,no
cand-d154d9b0b73ac834,tpa-24ac06c8a0a374,tpa-5e5b275fabebe1,exact_normalized_address,low,pending_human_review,no
cand-3ef0183e2b077ce5,tpa-24f96e9654b9ef,tpa-250a8f5faf6051,exact_normalized_address,low,pending_human_review,no
cand-8b72bfd0156ae77a,tpa-253ef09eb372fb,tpa-8353b973768662,exact_normalized_address,low,pending_human_review,no
cand-9a5fd8b4aceaafe1,tpa-253ef09eb372fb,tpa-b1f512a0f493bf,exact_normalized_address,low,pending_human_review,no
cand-97597938afebfb34,tpa-253ef09eb372fb,tpa-c30629eb839425,exact_normalized_address,low,pending_human_review,no
cand-61a5af964596da2f,tpa-253ef09eb372fb,tpa-c8448441d4fc2a,exact_normalized_address,low,pending_human_review,no
cand-6ff5948cbe8f2315,tpa-253ef09eb372fb,tpa-e224e900af0bda,exact_normalized_address,low,pending_human_review,no
cand-ae34cc8470d70bab,tpa-253ef09eb372fb,tpa-e8b6ad983db0df,exact_normalized_address,low,pending_human_review,no
cand-9fd9572fd015057d,tpa-253ef09eb372fb,tpa-fc0ffdadb41b17,exact_normalized_address,low,pending_human_review,no
cand-d82917c6a010a67a,tpa-26d7a29b1b1ff9,tpa-7edbd4127ed83c,exact_normalized_address,low,pending_human_review,no
cand-8bb9c23e0fefb3fe,tpa-26d7a29b1b1ff9,tpa-e52bbb22849b70,exact_normalized_address,low,pending_human_review,no
cand-75495441e085849e,tpa-2760c5a91cef80,tpa-360ec28e959ae1,shared_city_building_folio,low,pending_human_review,no
cand-ebd221ed68d2295d,tpa-2760c5a91cef80,tpa-3874efd8d5b4cd,exact_normalized_address;shared_city_building_folio,medium,pending_human_review,no
cand-a085c8ded7adfd1a,tpa-2760c5a91cef80,tpa-aa3bcf451f27f2,shared_city_building_folio,low,pending_human_review,no
cand-14d35de9f649424f,tpa-281313a5dff50d,tpa-3e20d09012ddfd,exact_normalized_address,low,pending_human_review,no
cand-7d2bea4328d638b4,tpa-281313a5dff50d,tpa-d987e6142b19c9,exact_normalized_address,low,pending_human_review,no
cand-853cb342992a0f32,tpa-284152b9f102db,tpa-3fea71eba2b367,exact_normalized_address,low,pending_human_review,no
cand-3d9bc55e3345b46f,tpa-284152b9f102db,tpa-811fdff1550029,exact_normalized_address,low,pending_human_review,no
cand-96574c68f0eacf5c,tpa-28f8c72d6b0e22,tpa-8562549d167076,exact_normalized_address,low,pending_human_review,no
cand-3e7653697d134faf,tpa-28f8c72d6b0e22,tpa-8dfd99cc25e194,exact_normalized_address,low,pending_human_review,no
cand-566165d001223260,tpa-28f8c72d6b0e22,tpa-e480f8b52b8eaf,exact_normalized_address,low,pending_human_review,no
cand-a9d0ad52a6d94a73,tpa-29d52b9c52c469,tpa-a357330cddd2cf,exact_normalized_address,low,pending_human_review,no
cand-6a3b615183c8f231,tpa-2a0e40d30e572b,tpa-5207e46335d4e6,exact_normalized_address,low,pending_human_review,no
cand-9d27694a27a16e84,tpa-2a3ba1216e4012,tpa-666f8de1632994,shared_city_building_folio,low,pending_human_review,no
cand-1447c343a0b87c60,tpa-2b81d71a85491d,tpa-6aa946c81585df,shared_city_building_folio,low,pending_human_review,no
cand-c07c804d0d55d4bd,tpa-2db7fb2eea1516,tpa-3a19cc9655f43c,exact_normalized_address,low,pending_human_review,no
cand-b119e8f34165af58,tpa-2dcd3ff53ea2fd,tpa-2fc0a2704be03b,exact_normalized_address,low,pending_human_review,no
cand-879966d2a4e5f722,tpa-2e1a9e4f257d5d,tpa-d6e89e46297673,exact_normalized_address,low,pending_human_review,no
cand-fe2d1dcc86cb74e1,tpa-2eb5e7452bcb99,tpa-ae1d2e3d8ddb67,exact_normalized_address,low,pending_human_review,no
cand-c6790024566a0a35,tpa-2fa48cd756d9a2,tpa-f7acd9ea88a07c,exact_normalized_address;shared_city_building_folio,medium,pending_human_review,no
cand-a55aaa44238b4722,tpa-30b412a70a928f,tpa-95b4bc533ab4fe,shared_city_building_folio,low,pending_human_review,no
cand-563c76b072c3d27e,tpa-30b412a70a928f,tpa-cd0d5eb06fa587,exact_normalized_address;shared_city_building_folio,medium,pending_human_review,no
cand-eae47cdfc6440818,tpa-316227fb332caf,tpa-f99894e5d0eede,exact_normalized_address,low,pending_human_review,no
cand-7a3e08ba12dd3061,tpa-31b76d0357991d,tpa-a8810aa5e75dbe,exact_normalized_address,low,pending_human_review,no
cand-552cb2c8c2f1430a,tpa-31c25730cd0704,tpa-657ece167efe9a,exact_normalized_address,low,pending_human_review,no
cand-c9cc874a5f4b9242,tpa-31c25730cd0704,tpa-cee84f4fe6a0c7,exact_normalized_address,low,pending_human_review,no
cand-983be4e3448ef778,tpa-3212f3cc3b2855,tpa-35b9b97f3d7227,exact_normalized_address;shared_city_building_folio,medium,pending_human_review,no
cand-b36205848721f137,tpa-3212f3cc3b2855,tpa-753135ef983deb,exact_normalized_address;shared_city_building_folio,medium,pending_human_review,no
cand-b6e056d4cd172a7b,tpa-3212f3cc3b2855,tpa-837ab0ae3ea439,exact_normalized_address;shared_city_building_folio,medium,pending_human_review,no
cand-b0970692c9d70c40,tpa-3212f3cc3b2855,tpa-94b8d8e526d617,exact_normalized_address;shared_city_building_folio,medium,pending_human_review,no
cand-2ef92453f6ed0341,tpa-3212f3cc3b2855,tpa-a3cc13934af166,exact_normalized_address;shared_city_building_folio,medium,pending_human_review,no
cand-42dbafb9b9de4137,tpa-3212f3cc3b2855,tpa-ca5fb9eae9e92a,exact_normalized_address;shared_city_building_folio,medium,pending_human_review,no
cand-14c3c7696999ccd1,tpa-3212f3cc3b2855,tpa-d48724c8c9c6cd,exact_normalized_address,low,pending_human_review,no
cand-72662ca76f30d2ca,tpa-3212f3cc3b2855,tpa-dba5a1180e73b0,exact_normalized_address;shared_city_building_folio,medium,pending_human_review,no
cand-ee7ff7e35dfe7ab5,tpa-3212f3cc3b2855,tpa-dc7bf4ecde575f,exact_normalized_address;shared_city_building_folio,medium,pending_human_review,no
cand-4bd5d3c3c8fa424d,tpa-3212f3cc3b2855,tpa-f1c346905aac98,exact_normalized_address,low,pending_human_review,no
cand-0ec1937bcfa07653,tpa-33ef6f465319f0,tpa-71c734b38bf051,exact_normalized_address,low,pending_human_review,no
cand-3fcf3516db829f4e,tpa-34830c4d7cadef,tpa-8d4cbd0f2a328f,exact_normalized_address,low,pending_human_review,no
cand-7e317bd12e5d94b9,tpa-350650b6bcc790,tpa-b2ca052efa8cec,exact_normalized_address;shared_city_building_folio,medium,pending_human_review,no
cand-b14b101f3b7217a7,tpa-35547515486407,tpa-574a1c62bbf896,exact_normalized_address;shared_city_building_folio,medium,pending_human_review,no
cand-ed45fccaca0c05fc,tpa-356c90c8a28766,tpa-fdf6bde6fc0a36,exact_normalized_address,low,pending_human_review,no
cand-9ee3cc125be821ae,tpa-35b9b97f3d7227,tpa-753135ef983deb,exact_normalized_address;shared_city_building_folio,medium,pending_human_review,no
cand-fe0b3d9a34d91efb,tpa-35b9b97f3d7227,tpa-837ab0ae3ea439,exact_normalized_address;shared_city_building_folio,medium,pending_human_review,no
cand-2b0d74110b20a7df,tpa-35b9b97f3d7227,tpa-94b8d8e526d617,exact_normalized_address;shared_city_building_folio,medium,pending_human_review,no
cand-f073593b997aac7c,tpa-35b9b97f3d7227,tpa-a3cc13934af166,exact_normalized_address;shared_city_building_folio,medium,pending_human_review,no
cand-4e368b439f0f41ca,tpa-35b9b97f3d7227,tpa-ca5fb9eae9e92a,exact_normalized_address;shared_city_building_folio,medium,pending_human_review,no
cand-7337fd07f70d808b,tpa-35b9b97f3d7227,tpa-d48724c8c9c6cd,exact_normalized_address,low,pending_human_review,no
cand-07e8ee2a262f7cbe,tpa-35b9b97f3d7227,tpa-dba5a1180e73b0,exact_normalized_address;shared_city_building_folio,medium,pending_human_review,no
cand-dfad2149c90c52af,tpa-35b9b97f3d7227,tpa-dc7bf4ecde575f,exact_normalized_address;shared_city_building_folio,medium,pending_human_review,no
cand-6a44bf562f46559e,tpa-35b9b97f3d7227,tpa-f1c346905aac98,exact_normalized_address,low,pending_human_review,no
cand-d771d06a1b0acc32,tpa-35c5a31339653c,tpa-7101fe4fc1e13b,exact_normalized_address,low,pending_human_review,no
cand-da4aee9ac711b057,tpa-360ec28e959ae1,tpa-3874efd8d5b4cd,shared_city_building_folio,low,pending_human_review,no
cand-8fdc25f98cdafb70,tpa-360ec28e959ae1,tpa-aa3bcf451f27f2,shared_city_building_folio,low,pending_human_review,no
cand-c6b22ddea4c4b819,tpa-362863d3186233,tpa-8144c32c90887c,exact_normalized_address,low,pending_human_review,no
cand-092b2ca9781391eb,tpa-366410a626830e,tpa-6f186681915091,exact_normalized_address,low,pending_human_review,no
cand-8af3a6dc7f24e056,tpa-366410a626830e,tpa-fa02f37289b305,exact_normalized_address,low,pending_human_review,no
cand-53c0598c71587528,tpa-367c0f7fa18383,tpa-7f3dc5bea40be2,exact_normalized_address,low,pending_human_review,no
cand-21abfc701e0cefb8,tpa-373ae2e807d356,tpa-82053ba0485539,exact_normalized_address,low,pending_human_review,no
cand-19dcf6637f55bd9b,tpa-37530b82a31bf2,tpa-b78675a8ea9248,exact_normalized_address,low,pending_human_review,no
cand-7c340e258c063988,tpa-37ec9be687a3f3,tpa-820779ff656f7d,exact_normalized_address;shared_city_building_folio,medium,pending_human_review,no
cand-2c5e91c5dd61a663,tpa-38113668f154c0,tpa-3d12fedb001d91,exact_normalized_address;shared_city_building_folio,medium,pending_human_review,no
cand-7ced8a495ea82d5a,tpa-3874efd8d5b4cd,tpa-aa3bcf451f27f2,shared_city_building_folio,low,pending_human_review,no
cand-d41acc6c96a0b282,tpa-387f2d25ccfcdd,tpa-902ab34058e95f,exact_normalized_address,low,pending_human_review,no
cand-0744793928fdcf10,tpa-3a5d351545a77a,tpa-3f887726df0ff4,exact_normalized_address,low,pending_human_review,no
cand-1003fc9da423c62a,tpa-3a5d351545a77a,tpa-3fffd2b9db4775,exact_normalized_address,low,pending_human_review,no
cand-765f3337088527ff,tpa-3a91a25f248d04,tpa-952689e7d57a44,exact_normalized_address,low,pending_human_review,no
cand-b221000dd9ccc121,tpa-3ae48860549a6e,tpa-b20815fba512a8,shared_city_building_folio,low,pending_human_review,no
cand-1b9ad1c94b6ae479,tpa-3b2784a88e16f4,tpa-6446694fb39caa,exact_normalized_address,low,pending_human_review,no
cand-35f7f28a78d31bb5,tpa-3b2784a88e16f4,tpa-6f3fb0c6c08867,exact_normalized_address,low,pending_human_review,no
cand-89d37210c4b555d8,tpa-3b2784a88e16f4,tpa-b56f7afdb3ed13,exact_normalized_address,low,pending_human_review,no
cand-66511d24ae1f9fd4,tpa-3b2784a88e16f4,tpa-ba274783ba6307,exact_normalized_address,low,pending_human_review,no
cand-eb349c8a2cb10f5e,tpa-3b34f9405a6927,tpa-8ede26b7af6c1d,exact_normalized_address,low,pending_human_review,no
cand-5843c6482237ba93,tpa-3bfc49197b2b7d,tpa-a532314bb76fda,exact_normalized_address,low,pending_human_review,no
cand-6f3fc423238ff202,tpa-3c07f2da3c1ed2,tpa-5faab6a61467df,exact_normalized_address,low,pending_human_review,no
cand-056f299cd801fca4,tpa-3c4cf3de7d8803,tpa-a14046ac4c054b,exact_normalized_address,low,pending_human_review,no
cand-6895d06bf0f9f14d,tpa-3cf1a6cc7f74a8,tpa-7d757cf11c37c4,exact_normalized_address;shared_city_building_folio,medium,pending_human_review,no
cand-df0c20b99182719f,tpa-3e01c9e3411875,tpa-4c4090bce59fba,exact_normalized_address,low,pending_human_review,no
cand-8cc6cfe22c49a4bd,tpa-3e20d09012ddfd,tpa-d987e6142b19c9,exact_normalized_address,low,pending_human_review,no
cand-50a123124e24ff87,tpa-3ecddeffe95104,tpa-8cff9259bd2288,exact_normalized_address,low,pending_human_review,no
cand-3305bf025bc68bb7,tpa-3f6ded89aebfa3,tpa-4d566dea5d9045,exact_normalized_address,low,pending_human_review,no
cand-b656c592276a5f77,tpa-3f6ded89aebfa3,tpa-4e54d20537af5d,exact_normalized_address,low,pending_human_review,no
cand-a32fd48a72cc78da,tpa-3f6ded89aebfa3,tpa-5da8c7f504a7c2,exact_normalized_address,low,pending_human_review,no
cand-a18a75cb5d4c187c,tpa-3f6ded89aebfa3,tpa-639c5de6136528,exact_normalized_address,low,pending_human_review,no
cand-869f94f50733084a,tpa-3f6ded89aebfa3,tpa-6ce45f881f1a0a,exact_normalized_address,low,pending_human_review,no
cand-a3fd725064307a22,tpa-3f6ded89aebfa3,tpa-b10575f6418799,exact_normalized_address,low,pending_human_review,no
cand-9894989b21bceff4,tpa-3f6ded89aebfa3,tpa-b2f916fe77020c,exact_normalized_address,low,pending_human_review,no
cand-b6ba8c5bfab71c44,tpa-3f6ded89aebfa3,tpa-bb9f17ba7450b0,exact_normalized_address,low,pending_human_review,no
cand-114b6c3582826fe0,tpa-3f6ded89aebfa3,tpa-c0840dcddf84f5,exact_normalized_address,low,pending_human_review,no
cand-4cf4636d7e518bbd,tpa-3f6ded89aebfa3,tpa-c45e95d0d0bb78,exact_normalized_address,low,pending_human_review,no
cand-6cd112dcbc8197b5,tpa-3f6ded89aebfa3,tpa-dbb325a1b4622b,exact_normalized_address,low,pending_human_review,no
cand-a49b7fab14f3eb67,tpa-3f6ded89aebfa3,tpa-dda930a5a7507d,exact_normalized_address,low,pending_human_review,no
cand-8b3a00d9bb731cda,tpa-3f6ded89aebfa3,tpa-f580fde975c97d,exact_normalized_address,low,pending_human_review,no
cand-b56c9f93519036c8,tpa-3f6ded89aebfa3,tpa-f75d1b96128237,exact_normalized_address,low,pending_human_review,no
cand-f8cca91b36dd6e33,tpa-3f887726df0ff4,tpa-3fffd2b9db4775,exact_normalized_address,low,pending_human_review,no
cand-be13cc959e471428,tpa-3fea71eba2b367,tpa-811fdff1550029,exact_normalized_address,low,pending_human_review,no
cand-31f82eb2eeb97768,tpa-41129e2c44ce77,tpa-90db744ac2f785,exact_normalized_address,low,pending_human_review,no
cand-db7f22ebd06246b3,tpa-4170383a03002d,tpa-9988a148d10d99,exact_normalized_address,low,pending_human_review,no
cand-e86b11d2eedf98d5,tpa-4220fd7570b23d,tpa-85ff5692fd322e,exact_normalized_address,low,pending_human_review,no
cand-2b623139cab4c4c8,tpa-436314f6369a61,tpa-6b3c6c3585b6a5,exact_normalized_address,low,pending_human_review,no
cand-410c57d8a8996ff5,tpa-436314f6369a61,tpa-76c64af42041ad,exact_normalized_address,low,pending_human_review,no
cand-0c59bfbefd2023b2,tpa-45807971f6c8ba,tpa-4c877d1b40de87,shared_city_building_folio,low,pending_human_review,no
cand-8eb0520c7e33afa0,tpa-45c5f52620299f,tpa-a95ad854a24323,shared_city_building_folio,low,pending_human_review,no
cand-4411c2eedc11fb73,tpa-45f3ec1be263ed,tpa-a16dd6a2ae7979,shared_city_building_folio,low,pending_human_review,no
cand-b835091538f44f4f,tpa-46720b23e3764e,tpa-4fcde30f1f4741,shared_city_building_folio,low,pending_human_review,no
cand-d50d15e5a7db1cac,tpa-4790444b10d1da,tpa-e0c176437aece9,exact_normalized_address;shared_city_building_folio,medium,pending_human_review,no
cand-6294264da9d58504,tpa-4890d705ea295a,tpa-57ef92240b13af,exact_normalized_address,low,pending_human_review,no
cand-834c4333f1c804a3,tpa-4890d705ea295a,tpa-ffc3624f9d8ca9,exact_normalized_address,low,pending_human_review,no
cand-4dbbbd087974bbe2,tpa-48d9713e1c0512,tpa-ea8ae8e45aa79a,exact_normalized_address;shared_city_building_folio,medium,pending_human_review,no
cand-fdb37500d03a62d9,tpa-49478bf6456f37,tpa-4fcdd31eec2cde,exact_normalized_address,low,pending_human_review,no
cand-bf29f154c6769d98,tpa-4961e3901719d4,tpa-4b7d361b594460,exact_normalized_address,low,pending_human_review,no
cand-1af9f2b4d66d978d,tpa-4961e3901719d4,tpa-932eb03636507a,exact_normalized_address,low,pending_human_review,no
cand-56836c424b4ea2bd,tpa-4961e3901719d4,tpa-a732a51d6cdf33,exact_normalized_address,low,pending_human_review,no
cand-67760b1855ada5ce,tpa-4961e3901719d4,tpa-ffe358fdc00f69,exact_normalized_address,low,pending_human_review,no
cand-4b2d84bcb36053e2,tpa-4981ad9dd77cdd,tpa-537870730398a5,exact_normalized_address,low,pending_human_review,no
cand-5c7af26d0a1de2e6,tpa-498f7dbd762b3f,tpa-e2a92aee6d076e,shared_city_building_folio,low,pending_human_review,no
cand-e91e832de481cf3d,tpa-49e80e51163e4f,tpa-902da4944a805f,shared_city_building_folio,low,pending_human_review,no
cand-918279b87588c33f,tpa-49e80e51163e4f,tpa-c8bd1ede6078ca,shared_city_building_folio,low,pending_human_review,no
cand-75aa59f653edf069,tpa-4a20733feee759,tpa-dc1fb87492a018,exact_normalized_address,low,pending_human_review,no
cand-c367adf09599c8dc,tpa-4a8beea796f9ae,tpa-d92d17ff7666c4,exact_normalized_address;shared_city_building_folio,medium,pending_human_review,no
cand-3c67dc84e85e894c,tpa-4ae47cd42ce59c,tpa-9aa8545b12596a,exact_normalized_address;shared_city_building_folio,medium,pending_human_review,no
cand-786b66e3be8fd190,tpa-4b64b4280d5412,tpa-bf49b6ef8a3e2b,exact_normalized_address,low,pending_human_review,no
cand-30cf68497225b567,tpa-4b7d361b594460,tpa-932eb03636507a,exact_normalized_address,low,pending_human_review,no
cand-7e65666a6aaf71d5,tpa-4b7d361b594460,tpa-a732a51d6cdf33,exact_normalized_address,low,pending_human_review,no
cand-6db18d4265077724,tpa-4b7d361b594460,tpa-ffe358fdc00f69,exact_normalized_address,low,pending_human_review,no
cand-11dd0d0012a0313b,tpa-4c21457de2d944,tpa-5f45ee7c8cd0c3,exact_normalized_address,low,pending_human_review,no
cand-2cef0eb18352a4f0,tpa-4c21457de2d944,tpa-e6d277fcc50d5f,exact_normalized_address,low,pending_human_review,no
cand-79293bd9d864181e,tpa-4caec9bd209542,tpa-62ab89191ec2f6,shared_city_building_folio,low,pending_human_review,no
cand-97e72623405ca339,tpa-4caec9bd209542,tpa-a89d1aacd75ce4,exact_normalized_address;shared_city_building_folio,medium,pending_human_review,no
cand-6786c9688192888e,tpa-4caec9bd209542,tpa-d215ac16b6e523,shared_city_building_folio,low,pending_human_review,no
cand-57cf7a5412adf87e,tpa-4d566dea5d9045,tpa-4e54d20537af5d,exact_normalized_address,low,pending_human_review,no
cand-3ed84171759b7265,tpa-4d566dea5d9045,tpa-5da8c7f504a7c2,exact_normalized_address,low,pending_human_review,no
cand-d7b3fb526b6254aa,tpa-4d566dea5d9045,tpa-639c5de6136528,exact_normalized_address,low,pending_human_review,no
cand-827e12ebd39f82b6,tpa-4d566dea5d9045,tpa-6ce45f881f1a0a,exact_normalized_address,low,pending_human_review,no
cand-5de94c02cdc0a78b,tpa-4d566dea5d9045,tpa-b10575f6418799,exact_normalized_address,low,pending_human_review,no
cand-fd8d3cdebee6f934,tpa-4d566dea5d9045,tpa-b2f916fe77020c,exact_normalized_address,low,pending_human_review,no
cand-527e2d529acbf4f9,tpa-4d566dea5d9045,tpa-bb9f17ba7450b0,exact_normalized_address,low,pending_human_review,no
cand-70abc4e1c82ade6e,tpa-4d566dea5d9045,tpa-c0840dcddf84f5,exact_normalized_address,low,pending_human_review,no
cand-c38e91a668b3de81,tpa-4d566dea5d9045,tpa-c45e95d0d0bb78,exact_normalized_address,low,pending_human_review,no
cand-66791f53864cad36,tpa-4d566dea5d9045,tpa-dbb325a1b4622b,exact_normalized_address,low,pending_human_review,no
cand-07f4654631e2069d,tpa-4d566dea5d9045,tpa-dda930a5a7507d,exact_normalized_address,low,pending_human_review,no
cand-502fb9c6345fd8be,tpa-4d566dea5d9045,tpa-f580fde975c97d,exact_normalized_address,low,pending_human_review,no
cand-2b2fc7044bf61092,tpa-4d566dea5d9045,tpa-f75d1b96128237,exact_normalized_address,low,pending_human_review,no
cand-3ac53c1f23b74bb9,tpa-4d57ac68027b86,tpa-7b3dbee02a0066,shared_city_building_folio,low,pending_human_review,no
cand-2008250565142bac,tpa-4dbada28c448f4,tpa-929536658247fb,exact_normalized_address,low,pending_human_review,no
cand-dac04222342bfa97,tpa-4dbada28c448f4,tpa-e4e8c0c9e5dd84,exact_normalized_address,low,pending_human_review,no
cand-597b2a40964fe651,tpa-4ddb8393a62c5b,tpa-961a3f82f4dde1,exact_normalized_address,low,pending_human_review,no
cand-6655f2f009a0c499,tpa-4ddb8393a62c5b,tpa-a9818716ddb431,exact_normalized_address,low,pending_human_review,no
cand-b32b331df582ba26,tpa-4ddb8393a62c5b,tpa-d23ada2f3ee414,exact_normalized_address,low,pending_human_review,no
cand-4b56a93bb120e98e,tpa-4de4134a4e5d7c,tpa-91cbde926550d1,exact_normalized_address,low,pending_human_review,no
cand-ae66ad74c6d6ce9e,tpa-4de4134a4e5d7c,tpa-f001f55b776437,exact_normalized_address,low,pending_human_review,no
cand-89e70374b29e300d,tpa-4e2b3e6b623dd2,tpa-7b42477a522dd4,exact_normalized_address,low,pending_human_review,no
cand-6e3bf976ae85d564,tpa-4e54d20537af5d,tpa-5da8c7f504a7c2,exact_normalized_address,low,pending_human_review,no
cand-2aba7d03fa0293a9,tpa-4e54d20537af5d,tpa-639c5de6136528,exact_normalized_address,low,pending_human_review,no
cand-58e02792178d71e2,tpa-4e54d20537af5d,tpa-6ce45f881f1a0a,exact_normalized_address,low,pending_human_review,no
cand-8f8654fb73f1f326,tpa-4e54d20537af5d,tpa-b10575f6418799,exact_normalized_address,low,pending_human_review,no
cand-b7874f0bd05a3332,tpa-4e54d20537af5d,tpa-b2f916fe77020c,exact_normalized_address,low,pending_human_review,no
cand-213ddb38d862ff3d,tpa-4e54d20537af5d,tpa-bb9f17ba7450b0,exact_normalized_address,low,pending_human_review,no
cand-233ae3f2823f90f8,tpa-4e54d20537af5d,tpa-c0840dcddf84f5,exact_normalized_address,low,pending_human_review,no
cand-e7bcb739c9935c2a,tpa-4e54d20537af5d,tpa-c45e95d0d0bb78,exact_normalized_address,low,pending_human_review,no
cand-3265afd3b8ab1518,tpa-4e54d20537af5d,tpa-dbb325a1b4622b,exact_normalized_address,low,pending_human_review,no
cand-844829ea159d30cc,tpa-4e54d20537af5d,tpa-dda930a5a7507d,exact_normalized_address,low,pending_human_review,no
cand-d2f615b7fa41b423,tpa-4e54d20537af5d,tpa-f580fde975c97d,exact_normalized_address,low,pending_human_review,no
cand-52f150f90986bd1d,tpa-4e54d20537af5d,tpa-f75d1b96128237,exact_normalized_address,low,pending_human_review,no
cand-a588824b35b3afa6,tpa-4eb2f5e4021e31,tpa-b657499ed3258d,exact_normalized_address,low,pending_human_review,no
cand-7a3b65e49881f56f,tpa-4ef54f91315052,tpa-6e7658d3dcc0f1,exact_normalized_address,low,pending_human_review,no
cand-6fdb66ae23bc4143,tpa-4f6269edb4b071,tpa-818bf305aaa4ba,exact_normalized_address,low,pending_human_review,no
cand-d9ac15e21eee5e47,tpa-50a55fe9574bba,tpa-86acae8428476a,exact_normalized_address,low,pending_human_review,no
cand-7f4bd1941b9920b1,tpa-50a7fd05573da1,tpa-e7dcdd28e6783d,exact_normalized_address,low,pending_human_review,no
cand-7e6b9e09e9b36d5d,tpa-513608f341e976,tpa-e34deddfa426c9,exact_normalized_address,low,pending_human_review,no
cand-20329bdefe2b3b43,tpa-5151248dd7ecf5,tpa-6f659b5fdd2bb4,exact_normalized_address,low,pending_human_review,no
cand-5c25cc37d73cf14d,tpa-519c3ccd82f732,tpa-c2b0d467d00252,exact_normalized_address,low,pending_human_review,no
cand-40786250bf38477d,tpa-51e396b19b5b0d,tpa-dfdf00d10f5dbf,exact_normalized_address,low,pending_human_review,no
cand-a53de2b2b9243429,tpa-51e396b19b5b0d,tpa-f10affd350a711,exact_normalized_address,low,pending_human_review,no
cand-c11833a99190a1b3,tpa-51e92c2b4dad6c,tpa-df14aee6dd8645,exact_normalized_address,low,pending_human_review,no
cand-94a9a33d38b10c0c,tpa-520eaf72c0ac8b,tpa-e407dc24ba743f,exact_normalized_address,low,pending_human_review,no
cand-9fbc362f3573d009,tpa-522ddb3d5f3f18,tpa-894a7c88cfc17c,shared_city_building_folio,low,pending_human_review,no
cand-d6e46eb222972c65,tpa-524aea4be09fd9,tpa-ce21f9abe3bea9,exact_normalized_address,low,pending_human_review,no
cand-cb1868aba4c77f62,tpa-534da392213b99,tpa-babdcdc6bdf41c,exact_normalized_address,low,pending_human_review,no
cand-d97b0f1e140276b0,tpa-543e744c7a45c5,tpa-cc0714384a05a8,exact_normalized_address,low,pending_human_review,no
cand-c6e3f110d66362f6,tpa-54a7e9851da5ff,tpa-e59817ceee24b6,exact_normalized_address,low,pending_human_review,no
cand-a37f7dc9abf84a4f,tpa-54fe52fa332d49,tpa-5ed48fd61ab941,exact_normalized_address,low,pending_human_review,no
cand-561e49019748b357,tpa-54ff524ddc9eed,tpa-5f28050f927cc8,exact_normalized_address,low,pending_human_review,no
cand-4adcb226098c6fde,tpa-5539daa902b537,tpa-f93c145f70d0a6,exact_normalized_address,low,pending_human_review,no
cand-e7257528d6b6e95f,tpa-569b7e038594b9,tpa-9d3a366a9424f4,exact_normalized_address,low,pending_human_review,no
cand-dff2285aa538d7f8,tpa-57092e64bbd85d,tpa-75ee897763147b,exact_normalized_address,low,pending_human_review,no
cand-2fd187e6ac26bfed,tpa-57ef92240b13af,tpa-ffc3624f9d8ca9,exact_normalized_address,low,pending_human_review,no
cand-13249b9153632e67,tpa-5874017ed8f373,tpa-5fa4a123a0e6e3,exact_normalized_address,low,pending_human_review,no
cand-9bb5c713299adbbb,tpa-5874017ed8f373,tpa-cff7efe1a6f268,exact_normalized_address,low,pending_human_review,no
cand-c2f9c84e225a6e22,tpa-593929bb1aea29,tpa-8c48073513253b,exact_normalized_address,low,pending_human_review,no
cand-b57df2cabf51734a,tpa-593929bb1aea29,tpa-a27455adc59c06,exact_normalized_address,low,pending_human_review,no
cand-23a92a871a014241,tpa-593929bb1aea29,tpa-d5bd8924c4c0c9,exact_normalized_address,low,pending_human_review,no
cand-3e750d3af68f57fc,tpa-598777ab8fd398,tpa-f7c57b82ababc6,exact_normalized_address,low,pending_human_review,no
cand-b9c694020eae1014,tpa-59d7fb07562dd9,tpa-e1e1ae39758bb8,exact_normalized_address,low,pending_human_review,no
cand-8a0ea28cba0b0f3c,tpa-59fac3be61a335,tpa-e69fb24f6f232f,exact_normalized_address,low,pending_human_review,no
cand-19b5fcf3515fc0e9,tpa-5a981b34a3c055,tpa-e43f4c48b048e5,exact_normalized_address,low,pending_human_review,no
cand-4628610caec953ce,tpa-5b4b9b4bd2e2bb,tpa-5ffbc53edb2189,exact_normalized_address,low,pending_human_review,no
cand-f12970e65a4441da,tpa-5b4b9b4bd2e2bb,tpa-a343c47c11b5da,exact_normalized_address,low,pending_human_review,no
cand-5085106cb1963e9e,tpa-5b4b9b4bd2e2bb,tpa-a58516bd654448,exact_normalized_address,low,pending_human_review,no
cand-2b3e4f3c48cc1f22,tpa-5cf16a81ee5efd,tpa-6eeb059361be66,exact_normalized_address;shared_city_building_folio,medium,pending_human_review,no
cand-c1b6b17414da4fae,tpa-5cf16a81ee5efd,tpa-c8ce63338a858d,shared_city_building_folio,low,pending_human_review,no
cand-ccf6e6e72d1229c9,tpa-5d25382d4939dc,tpa-92b708b87f4d12,exact_normalized_address;shared_city_building_folio,medium,pending_human_review,no
cand-72883cdd9ff04b3a,tpa-5d51b71d680f85,tpa-fdef5ed80ba0c4,exact_normalized_address;shared_city_building_folio,medium,pending_human_review,no
cand-71430a1e2bb51146,tpa-5da8c7f504a7c2,tpa-639c5de6136528,exact_normalized_address,low,pending_human_review,no
cand-1f52a524f59d081f,tpa-5da8c7f504a7c2,tpa-6ce45f881f1a0a,exact_normalized_address,low,pending_human_review,no
cand-2993b1781cc508aa,tpa-5da8c7f504a7c2,tpa-b10575f6418799,exact_normalized_address,low,pending_human_review,no
cand-55484d8b8c817299,tpa-5da8c7f504a7c2,tpa-b2f916fe77020c,exact_normalized_address,low,pending_human_review,no
cand-ee03cf16240450f8,tpa-5da8c7f504a7c2,tpa-bb9f17ba7450b0,exact_normalized_address,low,pending_human_review,no
cand-82908acf38d02b60,tpa-5da8c7f504a7c2,tpa-c0840dcddf84f5,exact_normalized_address,low,pending_human_review,no
cand-98847cec8229f23d,tpa-5da8c7f504a7c2,tpa-c45e95d0d0bb78,exact_normalized_address,low,pending_human_review,no
cand-7a13b766ed051524,tpa-5da8c7f504a7c2,tpa-dbb325a1b4622b,exact_normalized_address,low,pending_human_review,no
cand-1ca38d17281a2515,tpa-5da8c7f504a7c2,tpa-dda930a5a7507d,exact_normalized_address,low,pending_human_review,no
cand-7b462074f472ee77,tpa-5da8c7f504a7c2,tpa-f580fde975c97d,exact_normalized_address,low,pending_human_review,no
cand-ada36ccfced5942b,tpa-5da8c7f504a7c2,tpa-f75d1b96128237,exact_normalized_address,low,pending_human_review,no
cand-2cf7cb76b2b7e9c7,tpa-5e005fc41286f0,tpa-78983f3f2f8f4f,exact_normalized_address,low,pending_human_review,no
cand-42d4cb7b61795411,tpa-5e50ada2e37707,tpa-906e735a04cf0d,exact_normalized_address,low,pending_human_review,no
cand-1546de9f0da161e2,tpa-5ea84d6d10ea0a,tpa-71c858b9c41e6f,exact_normalized_address,low,pending_human_review,no
cand-7e25ebbab63e2670,tpa-5ea84d6d10ea0a,tpa-8728f42238880b,exact_normalized_address,low,pending_human_review,no
cand-fac2f02e86fa6f14,tpa-5f45ee7c8cd0c3,tpa-e6d277fcc50d5f,exact_normalized_address,low,pending_human_review,no
cand-c3ad2e5985a6af23,tpa-5f612bfff32912,tpa-d387519a4550c3,shared_city_building_folio,low,pending_human_review,no
cand-bbc5c4ea738bbcf1,tpa-5fa4a123a0e6e3,tpa-cff7efe1a6f268,exact_normalized_address,low,pending_human_review,no
cand-9dfdaab8768820a0,tpa-5fbcd992c18c19,tpa-a5fb6b48da38a4,exact_normalized_address,low,pending_human_review,no
cand-7155d469796ef7b0,tpa-5ffbc53edb2189,tpa-a343c47c11b5da,exact_normalized_address,low,pending_human_review,no
cand-e0a62299855188f9,tpa-5ffbc53edb2189,tpa-a58516bd654448,exact_normalized_address,low,pending_human_review,no
cand-0be7255fb7e0f153,tpa-6006fbde5fcfa5,tpa-8e634612440da4,exact_normalized_address,low,pending_human_review,no
cand-db9c226881dc0026,tpa-61efd7a6d3d18d,tpa-d1d5d5f2f44d87,exact_normalized_address,low,pending_human_review,no
cand-bb0591d9b2d3b169,tpa-62253fde489651,tpa-9541b1e715cfe0,shared_city_building_folio,low,pending_human_review,no
cand-3b7c71a283e24978,tpa-625f1d0594de7e,tpa-76f2148448f94b,exact_normalized_address,low,pending_human_review,no
cand-4f5d980cf659e65b,tpa-625f1d0594de7e,tpa-84354957166284,exact_normalized_address,low,pending_human_review,no
cand-212f618fd534f5a7,tpa-62ab89191ec2f6,tpa-a89d1aacd75ce4,shared_city_building_folio,low,pending_human_review,no
cand-2d1a05887cd014f2,tpa-62ab89191ec2f6,tpa-d215ac16b6e523,exact_normalized_address;shared_city_building_folio,medium,pending_human_review,no
cand-1827d83953f39e18,tpa-63587a3bbee76a,tpa-6cfb3c773ef9bd,shared_city_building_folio,low,pending_human_review,no
cand-63c008d5ce26778f,tpa-639c5de6136528,tpa-6ce45f881f1a0a,exact_normalized_address,low,pending_human_review,no
cand-54210955c905c154,tpa-639c5de6136528,tpa-b10575f6418799,exact_normalized_address,low,pending_human_review,no
cand-f6a048897e746cc5,tpa-639c5de6136528,tpa-b2f916fe77020c,exact_normalized_address,low,pending_human_review,no
cand-5b7a713676d13b21,tpa-639c5de6136528,tpa-bb9f17ba7450b0,exact_normalized_address,low,pending_human_review,no
cand-bfcc3d3657a69a7b,tpa-639c5de6136528,tpa-c0840dcddf84f5,exact_normalized_address,low,pending_human_review,no
cand-4a5f0b146f741b7e,tpa-639c5de6136528,tpa-c45e95d0d0bb78,exact_normalized_address,low,pending_human_review,no
cand-9abd71abb69fa889,tpa-639c5de6136528,tpa-dbb325a1b4622b,exact_normalized_address,low,pending_human_review,no
cand-8e0df2c8d4e99d64,tpa-639c5de6136528,tpa-dda930a5a7507d,exact_normalized_address,low,pending_human_review,no
cand-033ea24325442e28,tpa-639c5de6136528,tpa-f580fde975c97d,exact_normalized_address,low,pending_human_review,no
cand-62de504b0d1ec17e,tpa-639c5de6136528,tpa-f75d1b96128237,exact_normalized_address,low,pending_human_review,no
cand-d9e0f932b302055d,tpa-63b2e4c2238811,tpa-f404d21f7fb9d1,exact_normalized_address,low,pending_human_review,no
cand-56b3faa28798dabe,tpa-6446694fb39caa,tpa-6f3fb0c6c08867,exact_normalized_address,low,pending_human_review,no
cand-fd92967b9c94cd82,tpa-6446694fb39caa,tpa-b56f7afdb3ed13,exact_normalized_address,low,pending_human_review,no
cand-dca62d4e6744efb0,tpa-6446694fb39caa,tpa-ba274783ba6307,exact_normalized_address,low,pending_human_review,no
cand-21c9eaed5088be9c,tpa-646c629bbfb161,tpa-767fbce4a164f1,exact_normalized_address,low,pending_human_review,no
cand-bc15577ff8a75576,tpa-6497136056f0e4,tpa-dda2d4f1190680,exact_normalized_address,low,pending_human_review,no
cand-36a4aef769b37692,tpa-657ece167efe9a,tpa-cee84f4fe6a0c7,exact_normalized_address,low,pending_human_review,no
cand-0e86d0779352dcdb,tpa-6723a5f629fa2e,tpa-f3be3a5129f0d3,exact_normalized_address,low,pending_human_review,no
cand-2392cabaca3ed571,tpa-69cd3be0033d0e,tpa-8315604e3fc955,exact_normalized_address,low,pending_human_review,no
cand-a120b3645d2a0828,tpa-6b3c6c3585b6a5,tpa-76c64af42041ad,exact_normalized_address,low,pending_human_review,no
cand-a2df8853794a7bdc,tpa-6b566ff271f5da,tpa-978dc0d8e94b03,exact_normalized_address;shared_city_building_folio,medium,pending_human_review,no
cand-62afa1af9ef37ec7,tpa-6c9c8d5a41ec9f,tpa-e3a28faabb2702,shared_city_building_folio,low,pending_human_review,no
cand-365ca9e8b5fea569,tpa-6cd0c0292556c9,tpa-ae9fcd3b1b8fe7,exact_normalized_address;shared_city_building_folio,medium,pending_human_review,no
cand-af4da36f862bbf56,tpa-6ce302020a72d9,tpa-db661374029fa4,shared_city_building_folio,low,pending_human_review,no
cand-c8aa8992ede7c8e2,tpa-6ce302020a72d9,tpa-ffb0e74ef7c0d2,exact_normalized_address;shared_city_building_folio,medium,pending_human_review,no
cand-a50d2484fed52246,tpa-6ce45f881f1a0a,tpa-b10575f6418799,exact_normalized_address,low,pending_human_review,no
cand-bb5612e2fdfa31cb,tpa-6ce45f881f1a0a,tpa-b2f916fe77020c,exact_normalized_address,low,pending_human_review,no
cand-594c287e892624b6,tpa-6ce45f881f1a0a,tpa-bb9f17ba7450b0,exact_normalized_address,low,pending_human_review,no
cand-c1dcd231719a7595,tpa-6ce45f881f1a0a,tpa-c0840dcddf84f5,exact_normalized_address,low,pending_human_review,no
cand-72410d80d2339087,tpa-6ce45f881f1a0a,tpa-c45e95d0d0bb78,exact_normalized_address,low,pending_human_review,no
cand-e933b8ac01cccc4c,tpa-6ce45f881f1a0a,tpa-dbb325a1b4622b,exact_normalized_address,low,pending_human_review,no
cand-84eed0ad0c835858,tpa-6ce45f881f1a0a,tpa-dda930a5a7507d,exact_normalized_address,low,pending_human_review,no
cand-ef08caca17ad0965,tpa-6ce45f881f1a0a,tpa-f580fde975c97d,exact_normalized_address,low,pending_human_review,no
cand-2f8621bda0ea52eb,tpa-6ce45f881f1a0a,tpa-f75d1b96128237,exact_normalized_address,low,pending_human_review,no
cand-823086150dfbd470,tpa-6d2ee906e3c44f,tpa-baf689544886f3,shared_city_building_folio,low,pending_human_review,no
cand-ed7c9b39dd6ffdd6,tpa-6d768f585bcc37,tpa-f140a64e823f21,exact_normalized_address,low,pending_human_review,no
cand-739da7d981064d6d,tpa-6ed9ae789140b4,tpa-7c2edb55a5a8df,exact_normalized_address,low,pending_human_review,no
cand-dfa18600dc27bdc9,tpa-6eeb059361be66,tpa-c8ce63338a858d,shared_city_building_folio,low,pending_human_review,no
cand-30117169af58ae65,tpa-6f186681915091,tpa-fa02f37289b305,exact_normalized_address,low,pending_human_review,no
cand-221a4e0eac16e675,tpa-6f3fb0c6c08867,tpa-b56f7afdb3ed13,exact_normalized_address,low,pending_human_review,no
cand-89c2975d81d02479,tpa-6f3fb0c6c08867,tpa-ba274783ba6307,exact_normalized_address,low,pending_human_review,no
cand-c1e6d99e25d3dd07,tpa-6f7604c3ade11e,tpa-885cf9821a0497,shared_city_building_folio,low,pending_human_review,no
cand-4c67516cf02097ad,tpa-6fdd9525443cb1,tpa-8681fda42dd0ff,shared_city_building_folio,low,pending_human_review,no
cand-874a8f9a961f6cbd,tpa-6fdd9525443cb1,tpa-aef08567fad618,exact_normalized_address;shared_city_building_folio,medium,pending_human_review,no
cand-2ab7029af50e8d3c,tpa-6fdd9525443cb1,tpa-c3125164df8d13,shared_city_building_folio,low,pending_human_review,no
cand-71f129b35639956e,tpa-6fdd9525443cb1,tpa-d60f7ed42f12b8,shared_city_building_folio,low,pending_human_review,no
cand-c191153af30a98d3,tpa-6fdd9525443cb1,tpa-edbfb7ebee2316,shared_city_building_folio,low,pending_human_review,no
cand-67d2219affdf121d,tpa-71c858b9c41e6f,tpa-8728f42238880b,exact_normalized_address,low,pending_human_review,no
cand-783a63fbc8cde026,tpa-732367d1dfe337,tpa-8f0315146c52f0,exact_normalized_address,low,pending_human_review,no
cand-a3079a3b48ea4b20,tpa-732367d1dfe337,tpa-9a158fb8df8089,exact_normalized_address,low,pending_human_review,no
cand-494ce633faa93979,tpa-732367d1dfe337,tpa-baad2c031f63cd,exact_normalized_address,low,pending_human_review,no
cand-48dc62d26ecb395c,tpa-732367d1dfe337,tpa-d98f2ca98367d2,exact_normalized_address,low,pending_human_review,no
cand-8b0a8939d2cb8e57,tpa-732367d1dfe337,tpa-e0a37fdd7fc000,exact_normalized_address,low,pending_human_review,no
cand-ceff8956a4e99e48,tpa-73528532e8d256,tpa-ee1fc38c2dc4c9,shared_city_building_folio,low,pending_human_review,no
cand-6728644e10d9da3d,tpa-7468954a8296b7,tpa-afdf7f345e76f7,exact_normalized_address,low,pending_human_review,no
cand-dc3dfc6c979f8e0a,tpa-753135ef983deb,tpa-837ab0ae3ea439,exact_normalized_address;shared_city_building_folio,medium,pending_human_review,no
cand-c3d32ff5f61cfbc4,tpa-753135ef983deb,tpa-94b8d8e526d617,exact_normalized_address;shared_city_building_folio,medium,pending_human_review,no
cand-fba53ed23f944135,tpa-753135ef983deb,tpa-a3cc13934af166,exact_normalized_address;shared_city_building_folio,medium,pending_human_review,no
cand-e1c593fc9a35d147,tpa-753135ef983deb,tpa-ca5fb9eae9e92a,exact_normalized_address;shared_city_building_folio,medium,pending_human_review,no
cand-5633033d99b70854,tpa-753135ef983deb,tpa-d48724c8c9c6cd,exact_normalized_address,low,pending_human_review,no
cand-240721aca9ea8213,tpa-753135ef983deb,tpa-dba5a1180e73b0,exact_normalized_address;shared_city_building_folio,medium,pending_human_review,no
cand-829062e8dfbd7c3c,tpa-753135ef983deb,tpa-dc7bf4ecde575f,exact_normalized_address;shared_city_building_folio,medium,pending_human_review,no
cand-ad2f3c7ded518b00,tpa-753135ef983deb,tpa-f1c346905aac98,exact_normalized_address,low,pending_human_review,no
cand-d425becfe26318ee,tpa-75372df50eac29,tpa-8d7d8bfd6e3a49,shared_city_building_folio,low,pending_human_review,no
cand-66df9600b5aaabb9,tpa-76f2148448f94b,tpa-84354957166284,exact_normalized_address,low,pending_human_review,no
cand-970b9d340db0a079,tpa-7918ec644cac9e,tpa-968481e6b211a8,exact_normalized_address,low,pending_human_review,no
cand-9866fa1e9a5fdd60,tpa-79b6b1f76b5cc4,tpa-eb51d85d1c794a,exact_normalized_address,low,pending_human_review,no
cand-b2c2d0bf992ad2cd,tpa-7a273fea616d54,tpa-9e3a43f4e5cc67,exact_normalized_address,low,pending_human_review,no
cand-316708ae31a00aa6,tpa-7af061e51898ed,tpa-a04c3a125e99bc,exact_normalized_address,low,pending_human_review,no
cand-5afc62e57290d1b6,tpa-7b64bb4986b903,tpa-f2e1856c50bf2c,exact_normalized_address,low,pending_human_review,no
cand-96229d3f36d22196,tpa-7c9c998e3a395d,tpa-bc9bbb9bdf075a,exact_normalized_address;shared_city_building_folio,medium,pending_human_review,no
cand-e0adfea17f8d4144,tpa-7ccb87bc542be8,tpa-e459bfdefc204c,exact_normalized_address,low,pending_human_review,no
cand-d30881159fc99599,tpa-7d1bfbd51c0c29,tpa-d6389ccdb01545,exact_normalized_address,low,pending_human_review,no
cand-773903474023e49c,tpa-7d1bfbd51c0c29,tpa-e53c7d6a4828f6,exact_normalized_address,low,pending_human_review,no
cand-c4939d8c80d521a1,tpa-7d3fad23750f2d,tpa-acbe397985d8de,exact_normalized_address;shared_city_building_folio,medium,pending_human_review,no
cand-38430c5b3223fc6a,tpa-7d8e8d678cd8b6,tpa-934d12fa2784a1,exact_normalized_address,low,pending_human_review,no
cand-5622d066ed97d205,tpa-7eb21359a5c79f,tpa-cb759058dc0774,exact_normalized_address;shared_city_building_folio,medium,pending_human_review,no
cand-0c1273a037693241,tpa-7edbd4127ed83c,tpa-e52bbb22849b70,exact_normalized_address,low,pending_human_review,no
cand-95a1befb89895a63,tpa-7eeb547df4703f,tpa-9b1d64a7e3328d,shared_city_building_folio,low,pending_human_review,no
cand-45f3d34401aeb64b,tpa-7f5ef138d26dbb,tpa-e090286d4bc37c,exact_normalized_address,low,pending_human_review,no
cand-657bb2be67d04e10,tpa-81289c8a409cdd,tpa-e2fbd1ce0acb9a,exact_normalized_address,low,pending_human_review,no
cand-4b6da68898afea60,tpa-82bf53baa9c0fa,tpa-e6cc5299bd9ff8,exact_normalized_address;shared_city_building_folio,medium,pending_human_review,no
cand-1e1d967702b1f342,tpa-82ce3d8874fa01,tpa-c9a76ceb1d5c1d,shared_city_building_folio,low,pending_human_review,no
cand-7fd7810e62b7e862,tpa-8353b973768662,tpa-b1f512a0f493bf,exact_normalized_address,low,pending_human_review,no
cand-7a63867c48098fa8,tpa-8353b973768662,tpa-c30629eb839425,exact_normalized_address,low,pending_human_review,no
cand-d2dc3f412d6b2a16,tpa-8353b973768662,tpa-c8448441d4fc2a,exact_normalized_address,low,pending_human_review,no
cand-aa9abea60ff4a1ed,tpa-8353b973768662,tpa-e224e900af0bda,exact_normalized_address,low,pending_human_review,no
cand-b3821e422875d981,tpa-8353b973768662,tpa-e8b6ad983db0df,exact_normalized_address,low,pending_human_review,no
cand-b7fd899d470c473b,tpa-8353b973768662,tpa-fc0ffdadb41b17,exact_normalized_address,low,pending_human_review,no
cand-4fe77870304ba146,tpa-83782d068c1842,tpa-eed2a91832bfc1,shared_city_building_folio,low,pending_human_review,no
cand-af3056fd0040e1d9,tpa-837ab0ae3ea439,tpa-94b8d8e526d617,exact_normalized_address;shared_city_building_folio,medium,pending_human_review,no
cand-3d27e68a6bf94e19,tpa-837ab0ae3ea439,tpa-a3cc13934af166,exact_normalized_address;shared_city_building_folio,medium,pending_human_review,no
cand-b23aab8e390f5d0c,tpa-837ab0ae3ea439,tpa-ca5fb9eae9e92a,exact_normalized_address;shared_city_building_folio,medium,pending_human_review,no
cand-886ec37c8ed13907,tpa-837ab0ae3ea439,tpa-d48724c8c9c6cd,exact_normalized_address,low,pending_human_review,no
cand-cbea9ae1e6cb700f,tpa-837ab0ae3ea439,tpa-dba5a1180e73b0,exact_normalized_address;shared_city_building_folio,medium,pending_human_review,no
cand-98360e179c7aa9f1,tpa-837ab0ae3ea439,tpa-dc7bf4ecde575f,exact_normalized_address;shared_city_building_folio,medium,pending_human_review,no
cand-052b778d6a61ce0b,tpa-837ab0ae3ea439,tpa-f1c346905aac98,exact_normalized_address,low,pending_human_review,no
cand-7a9e5be2cd61595e,tpa-838a75b27ec235,tpa-c41745c2c5f2f7,shared_city_building_folio,low,pending_human_review,no
cand-7821b2e31bdfcd2d,tpa-8562549d167076,tpa-8dfd99cc25e194,exact_normalized_address,low,pending_human_review,no
cand-f5eb4d73f8811e54,tpa-8562549d167076,tpa-e480f8b52b8eaf,exact_normalized_address,low,pending_human_review,no
cand-921b2685966f72c5,tpa-8627ecd355b83a,tpa-9b397376b6dea6,exact_normalized_address,low,pending_human_review,no
cand-323bab5640b0b0bd,tpa-864ef5aaabf504,tpa-9c5b6ac1ea80e7,exact_normalized_address,low,pending_human_review,no
cand-2e1f4c3aae2b0dff,tpa-8681fda42dd0ff,tpa-aef08567fad618,shared_city_building_folio,low,pending_human_review,no
cand-10ec9c62cf420427,tpa-8681fda42dd0ff,tpa-c3125164df8d13,exact_normalized_address;shared_city_building_folio,medium,pending_human_review,no
cand-acf706f9eed03ce7,tpa-8681fda42dd0ff,tpa-d60f7ed42f12b8,shared_city_building_folio,low,pending_human_review,no
cand-52d244446561acee,tpa-8681fda42dd0ff,tpa-edbfb7ebee2316,shared_city_building_folio,low,pending_human_review,no
cand-b32dcbe7240e4417,tpa-87cd2f4d6fd6d5,tpa-a35a4a75fd4820,exact_normalized_address,low,pending_human_review,no
cand-1051f7c106160e39,tpa-87cd2f4d6fd6d5,tpa-b63181a27fd177,exact_normalized_address,low,pending_human_review,no
cand-8ff790be0e5ee879,tpa-87f0e0bbc35139,tpa-d137cbe67f28b7,exact_normalized_address,low,pending_human_review,no
cand-68289915557c1ccf,tpa-88d4884c01d2a0,tpa-98311e1937ed3f,exact_normalized_address;shared_city_building_folio,medium,pending_human_review,no
cand-7db42c8bc80f8b0a,tpa-89861c48928f4d,tpa-dd1614046de936,exact_normalized_address;shared_city_building_folio,medium,pending_human_review,no
cand-8b2e0163c4821663,tpa-8a8e962a1daa98,tpa-c49e93607145f1,exact_normalized_address,low,pending_human_review,no
cand-7f33251fb1784566,tpa-8b3ab70c40788f,tpa-b05a1f734ed809,exact_normalized_address,low,pending_human_review,no
cand-c38b10b751a638e3,tpa-8b98c0618bf1da,tpa-aeb38c4d8a2d95,exact_normalized_address,low,pending_human_review,no
cand-36edb6af109cece4,tpa-8c48073513253b,tpa-a27455adc59c06,exact_normalized_address,low,pending_human_review,no
cand-2e3c0402eb6bf2e1,tpa-8c48073513253b,tpa-d5bd8924c4c0c9,exact_normalized_address,low,pending_human_review,no
cand-f538916fff59ba1c,tpa-8cc9e565a1eca0,tpa-e41ba151b2e841,exact_normalized_address,low,pending_human_review,no
cand-d4b75f945e3b091e,tpa-8de010d2e2653d,tpa-d79d703c4f96f6,exact_normalized_address,low,pending_human_review,no
cand-d4f551b35442153b,tpa-8dfd99cc25e194,tpa-e480f8b52b8eaf,exact_normalized_address,low,pending_human_review,no
cand-311b7622cc3da2b4,tpa-8e6596c40db0da,tpa-e16dc8db40500c,exact_normalized_address;shared_city_building_folio,medium,pending_human_review,no
cand-89bcd2f616e89a1b,tpa-8f0315146c52f0,tpa-9a158fb8df8089,exact_normalized_address,low,pending_human_review,no
cand-2dfb36af77080389,tpa-8f0315146c52f0,tpa-baad2c031f63cd,exact_normalized_address,low,pending_human_review,no
cand-8031846ff21481af,tpa-8f0315146c52f0,tpa-d98f2ca98367d2,exact_normalized_address,low,pending_human_review,no
cand-08dfe9778d7431a8,tpa-8f0315146c52f0,tpa-e0a37fdd7fc000,exact_normalized_address,low,pending_human_review,no
cand-9958e4ac36038081,tpa-902da4944a805f,tpa-c8bd1ede6078ca,shared_city_building_folio,low,pending_human_review,no
cand-7d6095369bde2e15,tpa-904f5483252c85,tpa-a2d52bde3f3d1a,exact_normalized_address,low,pending_human_review,no
cand-8f6108c256f1e41d,tpa-905f882ce21996,tpa-cebd3559685244,exact_normalized_address;shared_city_building_folio,medium,pending_human_review,no
cand-a597ca22a1f4d752,tpa-91cbde926550d1,tpa-f001f55b776437,exact_normalized_address,low,pending_human_review,no
cand-c4b18a75cb40be9d,tpa-929536658247fb,tpa-e4e8c0c9e5dd84,exact_normalized_address,low,pending_human_review,no
cand-4c49fc47df10c586,tpa-932eb03636507a,tpa-a732a51d6cdf33,exact_normalized_address,low,pending_human_review,no
cand-daa937ae76333616,tpa-932eb03636507a,tpa-ffe358fdc00f69,exact_normalized_address,low,pending_human_review,no
cand-be09071d49f0c8e7,tpa-94b8d8e526d617,tpa-a3cc13934af166,exact_normalized_address;shared_city_building_folio,medium,pending_human_review,no
cand-a390c974d1f123f3,tpa-94b8d8e526d617,tpa-ca5fb9eae9e92a,exact_normalized_address;shared_city_building_folio,medium,pending_human_review,no
cand-1dbead0f7ac0bf17,tpa-94b8d8e526d617,tpa-d48724c8c9c6cd,exact_normalized_address,low,pending_human_review,no
cand-493e62d7177e7c85,tpa-94b8d8e526d617,tpa-dba5a1180e73b0,exact_normalized_address;shared_city_building_folio,medium,pending_human_review,no
cand-7b132383ae5e723f,tpa-94b8d8e526d617,tpa-dc7bf4ecde575f,exact_normalized_address;shared_city_building_folio,medium,pending_human_review,no
cand-d3f6a28b049d89b9,tpa-94b8d8e526d617,tpa-f1c346905aac98,exact_normalized_address,low,pending_human_review,no
cand-1713ae7a233348c0,tpa-9502151b34d7d0,tpa-9c962468d1083d,exact_normalized_address,low,pending_human_review,no
cand-fa145826c20e887b,tpa-957272c721aac7,tpa-b46d60be29f118,exact_normalized_address;shared_city_building_folio,medium,pending_human_review,no
cand-b1ff41142eb02e47,tpa-95b4bc533ab4fe,tpa-cd0d5eb06fa587,shared_city_building_folio,low,pending_human_review,no
cand-bbb2629c51975515,tpa-95d0a3f24b10d8,tpa-b6a5bf7e8bc182,exact_normalized_address,low,pending_human_review,no
cand-07d82ef925eaabaf,tpa-961a3f82f4dde1,tpa-a9818716ddb431,exact_normalized_address,low,pending_human_review,no
cand-7b7362b9609db295,tpa-961a3f82f4dde1,tpa-d23ada2f3ee414,exact_normalized_address,low,pending_human_review,no
cand-e928636bd9c163e6,tpa-979cb58005ca37,tpa-d7498a4e0c9fd3,exact_normalized_address,low,pending_human_review,no
cand-694174369383c00a,tpa-979cb58005ca37,tpa-ec4a1ca62e8729,exact_normalized_address,low,pending_human_review,no
cand-5c3a775dd947f770,tpa-97ab366d4e1961,tpa-ab63fbcfaa71f0,exact_normalized_address,low,pending_human_review,no
cand-300607562bf08edf,tpa-97d738ba61f354,tpa-a77d48b8d5071b,exact_normalized_address,low,pending_human_review,no
cand-d3085d6f56bffff8,tpa-98de2b76672f71,tpa-e03d108007dce2,exact_normalized_address;shared_city_building_folio,medium,pending_human_review,no
cand-b30d3155140af5d0,tpa-99fa4376843c17,tpa-9d627e95ad566a,exact_normalized_address,low,pending_human_review,no
cand-a8a3537f8c63372d,tpa-9a158fb8df8089,tpa-baad2c031f63cd,exact_normalized_address,low,pending_human_review,no
cand-049b161bb17d95db,tpa-9a158fb8df8089,tpa-d98f2ca98367d2,exact_normalized_address,low,pending_human_review,no
cand-14da868253f66118,tpa-9a158fb8df8089,tpa-e0a37fdd7fc000,exact_normalized_address,low,pending_human_review,no
cand-f82219cda826884f,tpa-9c2467bac37218,tpa-c768fb60f5036e,shared_city_building_folio,low,pending_human_review,no
cand-719bc9aa89fd7bbe,tpa-a0a54cbd576262,tpa-abedb808985d4d,exact_normalized_address,low,pending_human_review,no
cand-529402484a87d61c,tpa-a0a54cbd576262,tpa-b4455e8216c949,exact_normalized_address,low,pending_human_review,no
cand-164b8f73bb497a9f,tpa-a0af89e338e21e,tpa-d37b3c695504bc,exact_normalized_address,low,pending_human_review,no
cand-ef64a1f272f6e474,tpa-a2578f30661100,tpa-e91099928a5d8b,exact_normalized_address;shared_city_building_folio,medium,pending_human_review,no
cand-694276cb5c350ac0,tpa-a2578f30661100,tpa-ec27835f965a05,exact_normalized_address;shared_city_building_folio,medium,pending_human_review,no
cand-006dc7c5792af56f,tpa-a2578f30661100,tpa-f2a85ff7b3dda5,exact_normalized_address;shared_city_building_folio,medium,pending_human_review,no
cand-7a4004bdd96300e0,tpa-a27455adc59c06,tpa-d5bd8924c4c0c9,exact_normalized_address,low,pending_human_review,no
cand-402531d027e273d7,tpa-a343c47c11b5da,tpa-a58516bd654448,exact_normalized_address,low,pending_human_review,no
cand-ed76dc9e112adf17,tpa-a35a4a75fd4820,tpa-b63181a27fd177,exact_normalized_address,low,pending_human_review,no
cand-8e0ed22cc5ca84ed,tpa-a3cc13934af166,tpa-ca5fb9eae9e92a,exact_normalized_address;shared_city_building_folio,medium,pending_human_review,no
cand-dd6e762915cc1c24,tpa-a3cc13934af166,tpa-d48724c8c9c6cd,exact_normalized_address,low,pending_human_review,no
cand-be5ca80de2592dd8,tpa-a3cc13934af166,tpa-dba5a1180e73b0,exact_normalized_address;shared_city_building_folio,medium,pending_human_review,no
cand-c20e725f5fba284e,tpa-a3cc13934af166,tpa-dc7bf4ecde575f,exact_normalized_address;shared_city_building_folio,medium,pending_human_review,no
cand-8e2be56ffd9c93f5,tpa-a3cc13934af166,tpa-f1c346905aac98,exact_normalized_address,low,pending_human_review,no
cand-556b4c495175acf3,tpa-a6d3aab2393a6b,tpa-b0d9e502313fcd,exact_normalized_address,low,pending_human_review,no
cand-cf658cffb6005583,tpa-a732a51d6cdf33,tpa-ffe358fdc00f69,exact_normalized_address,low,pending_human_review,no
cand-cc093b6eea0db4dd,tpa-a7e19127affe26,tpa-b1719030b0d422,exact_normalized_address;shared_city_building_folio,medium,pending_human_review,no
cand-13fbfec4f2939730,tpa-a834a580e80dbb,tpa-aa1b983e4df8ce,shared_city_building_folio,low,pending_human_review,no
cand-04e8a7bef2304e04,tpa-a89d1aacd75ce4,tpa-d215ac16b6e523,shared_city_building_folio,low,pending_human_review,no
cand-75ce5e3c4542b21e,tpa-a8e3aece54ecea,tpa-d7eef5297bc014,exact_normalized_address,low,pending_human_review,no
cand-6a608adb8fc0b638,tpa-a8fc7db88edcf7,tpa-d58c64c80a6654,shared_city_building_folio,low,pending_human_review,no
cand-152109dc7ea11589,tpa-a9818716ddb431,tpa-d23ada2f3ee414,exact_normalized_address,low,pending_human_review,no
cand-77f17f1b72f030aa,tpa-abedb808985d4d,tpa-b4455e8216c949,exact_normalized_address,low,pending_human_review,no
cand-47ced0da6c1847ef,tpa-add0b475c6dfe6,tpa-e972707b6de629,exact_normalized_address,low,pending_human_review,no
cand-5a27d9858d3b1963,tpa-aef08567fad618,tpa-c3125164df8d13,shared_city_building_folio,low,pending_human_review,no
cand-35730b23c31b3e25,tpa-aef08567fad618,tpa-d60f7ed42f12b8,shared_city_building_folio,low,pending_human_review,no
cand-58280d16cacf4c9e,tpa-aef08567fad618,tpa-edbfb7ebee2316,shared_city_building_folio,low,pending_human_review,no
cand-37ac12bdddd7d2ad,tpa-af7594b07ae078,tpa-d24e45feb85f81,shared_city_building_folio,low,pending_human_review,no
cand-699c01157201c503,tpa-b10575f6418799,tpa-b2f916fe77020c,exact_normalized_address,low,pending_human_review,no
cand-12bf29d64837cce0,tpa-b10575f6418799,tpa-bb9f17ba7450b0,exact_normalized_address,low,pending_human_review,no
cand-94e2fb3ed7cde530,tpa-b10575f6418799,tpa-c0840dcddf84f5,exact_normalized_address,low,pending_human_review,no
cand-d0baae9bbd1075ce,tpa-b10575f6418799,tpa-c45e95d0d0bb78,exact_normalized_address,low,pending_human_review,no
cand-e8563bcce0fa30a8,tpa-b10575f6418799,tpa-dbb325a1b4622b,exact_normalized_address,low,pending_human_review,no
cand-a6dfddba8c549129,tpa-b10575f6418799,tpa-dda930a5a7507d,exact_normalized_address,low,pending_human_review,no
cand-270246ca8bc7c81d,tpa-b10575f6418799,tpa-f580fde975c97d,exact_normalized_address,low,pending_human_review,no
cand-36677743b19f53c3,tpa-b10575f6418799,tpa-f75d1b96128237,exact_normalized_address,low,pending_human_review,no
cand-7786b750c14a1479,tpa-b16bad94755d94,tpa-ff85739d8f2b03,exact_normalized_address;shared_city_building_folio,medium,pending_human_review,no
cand-b7651e5528e71843,tpa-b1f512a0f493bf,tpa-c30629eb839425,exact_normalized_address,low,pending_human_review,no
cand-4db3db14ebd90dd7,tpa-b1f512a0f493bf,tpa-c8448441d4fc2a,exact_normalized_address,low,pending_human_review,no
cand-ef902360a275b77c,tpa-b1f512a0f493bf,tpa-e224e900af0bda,exact_normalized_address,low,pending_human_review,no
cand-f4fdf71a6b4e5e9a,tpa-b1f512a0f493bf,tpa-e8b6ad983db0df,exact_normalized_address,low,pending_human_review,no
cand-667f8748929b0785,tpa-b1f512a0f493bf,tpa-fc0ffdadb41b17,exact_normalized_address,low,pending_human_review,no
cand-dc934736ce71ec28,tpa-b2f916fe77020c,tpa-bb9f17ba7450b0,exact_normalized_address,low,pending_human_review,no
cand-7f717aac17936851,tpa-b2f916fe77020c,tpa-c0840dcddf84f5,exact_normalized_address,low,pending_human_review,no
cand-ae0078ad6440e8b8,tpa-b2f916fe77020c,tpa-c45e95d0d0bb78,exact_normalized_address,low,pending_human_review,no
cand-d2795f5859c8e0e6,tpa-b2f916fe77020c,tpa-dbb325a1b4622b,exact_normalized_address,low,pending_human_review,no
cand-65e00df0f2a332c5,tpa-b2f916fe77020c,tpa-dda930a5a7507d,exact_normalized_address,low,pending_human_review,no
cand-b0ac9709cf786e28,tpa-b2f916fe77020c,tpa-f580fde975c97d,exact_normalized_address,low,pending_human_review,no
cand-4e67844084f33af7,tpa-b2f916fe77020c,tpa-f75d1b96128237,exact_normalized_address,low,pending_human_review,no
cand-e373d5061f8e90f2,tpa-b56f7afdb3ed13,tpa-ba274783ba6307,exact_normalized_address,low,pending_human_review,no
cand-2a7cc377c9fe68ed,tpa-b7057af33d1ec8,tpa-be679f4d82c977,shared_city_building_folio,low,pending_human_review,no
cand-f42409c88d2e8470,tpa-b8bcd01765732a,tpa-fa8bee15b12258,exact_normalized_address,low,pending_human_review,no
cand-fff0682c18b5e00f,tpa-baad2c031f63cd,tpa-d98f2ca98367d2,exact_normalized_address,low,pending_human_review,no
cand-53a7c7f316c953f4,tpa-baad2c031f63cd,tpa-e0a37fdd7fc000,exact_normalized_address,low,pending_human_review,no
cand-172b44be8e57cfc1,tpa-bb9f17ba7450b0,tpa-c0840dcddf84f5,exact_normalized_address,low,pending_human_review,no
cand-8fea81589145c748,tpa-bb9f17ba7450b0,tpa-c45e95d0d0bb78,exact_normalized_address,low,pending_human_review,no
cand-b8587a4a7e1de4aa,tpa-bb9f17ba7450b0,tpa-dbb325a1b4622b,exact_normalized_address,low,pending_human_review,no
cand-1cc5e91ffc3bf731,tpa-bb9f17ba7450b0,tpa-dda930a5a7507d,exact_normalized_address,low,pending_human_review,no
cand-8c01577bea54c4bc,tpa-bb9f17ba7450b0,tpa-f580fde975c97d,exact_normalized_address,low,pending_human_review,no
cand-5631a357eff01e52,tpa-bb9f17ba7450b0,tpa-f75d1b96128237,exact_normalized_address,low,pending_human_review,no
cand-5a507284492b8f69,tpa-bf14976aef8342,tpa-c7e42772bde1b6,exact_normalized_address,low,pending_human_review,no
cand-828c13dd104a34af,tpa-c0840dcddf84f5,tpa-c45e95d0d0bb78,exact_normalized_address,low,pending_human_review,no
cand-546245f2eee8a2fb,tpa-c0840dcddf84f5,tpa-dbb325a1b4622b,exact_normalized_address,low,pending_human_review,no
cand-ce65344d4c7ba857,tpa-c0840dcddf84f5,tpa-dda930a5a7507d,exact_normalized_address,low,pending_human_review,no
cand-e095e10db6cb3968,tpa-c0840dcddf84f5,tpa-f580fde975c97d,exact_normalized_address,low,pending_human_review,no
cand-65d3390b6b744661,tpa-c0840dcddf84f5,tpa-f75d1b96128237,exact_normalized_address,low,pending_human_review,no
cand-e4a1dedbb000320a,tpa-c2269619cfd316,tpa-c40f286f0c08fb,exact_normalized_address,low,pending_human_review,no
cand-2b7ae27d283b06d2,tpa-c30629eb839425,tpa-c8448441d4fc2a,exact_normalized_address,low,pending_human_review,no
cand-7a4121aedfc735c0,tpa-c30629eb839425,tpa-e224e900af0bda,exact_normalized_address,low,pending_human_review,no
cand-22d7e40f672657ad,tpa-c30629eb839425,tpa-e8b6ad983db0df,exact_normalized_address,low,pending_human_review,no
cand-9fe32f03fc2aaa23,tpa-c30629eb839425,tpa-fc0ffdadb41b17,exact_normalized_address,low,pending_human_review,no
cand-3fad15160f15ec16,tpa-c3125164df8d13,tpa-d60f7ed42f12b8,shared_city_building_folio,low,pending_human_review,no
cand-82f7b16ecdb014bb,tpa-c3125164df8d13,tpa-edbfb7ebee2316,shared_city_building_folio,low,pending_human_review,no
cand-7d14d5431b3854d5,tpa-c45e95d0d0bb78,tpa-dbb325a1b4622b,exact_normalized_address,low,pending_human_review,no
cand-13157968fec5b927,tpa-c45e95d0d0bb78,tpa-dda930a5a7507d,exact_normalized_address,low,pending_human_review,no
cand-fe7a737c878937d0,tpa-c45e95d0d0bb78,tpa-f580fde975c97d,exact_normalized_address,low,pending_human_review,no
cand-2bf7e4327fb0a029,tpa-c45e95d0d0bb78,tpa-f75d1b96128237,exact_normalized_address,low,pending_human_review,no
cand-39e0cbabe99d448c,tpa-c513d0ffc576b5,tpa-db60401e61aee5,shared_city_building_folio,low,pending_human_review,no
cand-e22efc68919f4de6,tpa-c6e994422909aa,tpa-c7372a5e4ee32b,shared_city_building_folio,low,pending_human_review,no
cand-d7696b782cf4e972,tpa-c765dfb087fcc5,tpa-f8a9296ff61381,exact_normalized_address,low,pending_human_review,no
cand-7e14b07de4d456ff,tpa-c8448441d4fc2a,tpa-e224e900af0bda,exact_normalized_address,low,pending_human_review,no
cand-2de9747ad54e0a4e,tpa-c8448441d4fc2a,tpa-e8b6ad983db0df,exact_normalized_address,low,pending_human_review,no
cand-e710bbcd7ac3830d,tpa-c8448441d4fc2a,tpa-fc0ffdadb41b17,exact_normalized_address,low,pending_human_review,no
cand-46397b7a65ca732c,tpa-c968fb7aede5cc,tpa-f00bcd6e23caf0,exact_normalized_address,low,pending_human_review,no
cand-303775dc533ee81e,tpa-ca19614a93e0e9,tpa-cb6710f458a7dd,exact_normalized_address;shared_city_building_folio,medium,pending_human_review,no
cand-ed2d7fac6ae2997e,tpa-ca4b91c0afd4a3,tpa-f8a04ea46494f0,shared_city_building_folio,low,pending_human_review,no
cand-47b26656791ae870,tpa-ca5fb9eae9e92a,tpa-d48724c8c9c6cd,exact_normalized_address,low,pending_human_review,no
cand-1546c2f457c6c547,tpa-ca5fb9eae9e92a,tpa-dba5a1180e73b0,exact_normalized_address;shared_city_building_folio,medium,pending_human_review,no
cand-4f791cb75515baea,tpa-ca5fb9eae9e92a,tpa-dc7bf4ecde575f,exact_normalized_address;shared_city_building_folio,medium,pending_human_review,no
cand-2f96df6ef89cb55b,tpa-ca5fb9eae9e92a,tpa-f1c346905aac98,exact_normalized_address,low,pending_human_review,no
cand-afe48b28f9429549,tpa-ca7e157cb49d24,tpa-f63f8187aa9f00,exact_normalized_address,low,pending_human_review,no
cand-e8b35f3fef049138,tpa-ca7e157cb49d24,tpa-f924ea2357013c,exact_normalized_address,low,pending_human_review,no
cand-f4e84fba38614751,tpa-ce793ae7d6bb38,tpa-fbcb12458fa332,exact_normalized_address;shared_city_building_folio,medium,pending_human_review,no
cand-bd08793c2d750184,tpa-d00c57f91274c0,tpa-effd059367ec48,exact_normalized_address,low,pending_human_review,no
cand-240f3ca2cc523cf4,tpa-d0dc980768f30d,tpa-f9aed8adf6aae0,exact_normalized_address,low,pending_human_review,no
cand-8850d2c8a5691bdc,tpa-d48724c8c9c6cd,tpa-dba5a1180e73b0,exact_normalized_address,low,pending_human_review,no
cand-2a1f05cc0786b1f9,tpa-d48724c8c9c6cd,tpa-dc7bf4ecde575f,exact_normalized_address,low,pending_human_review,no
cand-47707388b86e3f00,tpa-d48724c8c9c6cd,tpa-f1c346905aac98,exact_normalized_address,low,pending_human_review,no
cand-687dc6cc3bbe0161,tpa-d4e8eb8a4cafd0,tpa-e3b95482fa6a8e,exact_normalized_address,low,pending_human_review,no
cand-18c07203caa15a8e,tpa-d60f7ed42f12b8,tpa-edbfb7ebee2316,exact_normalized_address;shared_city_building_folio,medium,pending_human_review,no
cand-c96b8598b8067df6,tpa-d6389ccdb01545,tpa-e53c7d6a4828f6,exact_normalized_address,low,pending_human_review,no
cand-4ec33319c0161224,tpa-d7498a4e0c9fd3,tpa-ec4a1ca62e8729,exact_normalized_address,low,pending_human_review,no
cand-5802369d4467c71f,tpa-d98f2ca98367d2,tpa-e0a37fdd7fc000,exact_normalized_address,low,pending_human_review,no
cand-428f8794062a873f,tpa-db661374029fa4,tpa-ffb0e74ef7c0d2,shared_city_building_folio,low,pending_human_review,no
cand-5cd7a1e8ee1a9ee2,tpa-dba5a1180e73b0,tpa-dc7bf4ecde575f,exact_normalized_address;shared_city_building_folio,medium,pending_human_review,no
cand-20dc296122e7195a,tpa-dba5a1180e73b0,tpa-f1c346905aac98,exact_normalized_address,low,pending_human_review,no
cand-60eea44b9ca94c31,tpa-dbb325a1b4622b,tpa-dda930a5a7507d,exact_normalized_address,low,pending_human_review,no
cand-4291fa3a36d0c4bd,tpa-dbb325a1b4622b,tpa-f580fde975c97d,exact_normalized_address,low,pending_human_review,no
cand-50948e3cdc341768,tpa-dbb325a1b4622b,tpa-f75d1b96128237,exact_normalized_address,low,pending_human_review,no
cand-43eeacc8875d6a1d,tpa-dc7bf4ecde575f,tpa-f1c346905aac98,exact_normalized_address,low,pending_human_review,no
cand-c16c33b9b0aa60fd,tpa-dda930a5a7507d,tpa-f580fde975c97d,exact_normalized_address,low,pending_human_review,no
cand-48ee462b769965b8,tpa-dda930a5a7507d,tpa-f75d1b96128237,exact_normalized_address,low,pending_human_review,no
cand-a2781380cb18e029,tpa-dfdf00d10f5dbf,tpa-f10affd350a711,exact_normalized_address,low,pending_human_review,no
cand-8f1dd85b5b6b6dfe,tpa-e224e900af0bda,tpa-e8b6ad983db0df,exact_normalized_address,low,pending_human_review,no
cand-21e123f4d23ba2df,tpa-e224e900af0bda,tpa-fc0ffdadb41b17,exact_normalized_address,low,pending_human_review,no
cand-a809e18da3d281ae,tpa-e8b6ad983db0df,tpa-fc0ffdadb41b17,exact_normalized_address,low,pending_human_review,no
cand-eb16c29829da6eaf,tpa-e91099928a5d8b,tpa-ec27835f965a05,exact_normalized_address;shared_city_building_folio,medium,pending_human_review,no
cand-305be682b3be3a63,tpa-e91099928a5d8b,tpa-f2a85ff7b3dda5,exact_normalized_address;shared_city_building_folio,medium,pending_human_review,no
cand-fc458ed0b47dc0f4,tpa-ec27835f965a05,tpa-f2a85ff7b3dda5,exact_normalized_address;shared_city_building_folio,medium,pending_human_review,no
cand-95d18eefbddc43a2,tpa-edd16ea03e4459,tpa-f005ba6ac4c7ca,exact_normalized_address,low,pending_human_review,no
cand-c747842dbe8b52cf,tpa-f580fde975c97d,tpa-f75d1b96128237,exact_normalized_address,low,pending_human_review,no
cand-c0c97cba9407a065,tpa-f63f8187aa9f00,tpa-f924ea2357013c,exact_normalized_address,low,pending_human_review,no
