old_activity_id,new_activity_id,cluster_basis,cluster_key
tpa-6f15931d9cc598,tpa-057423477d6ecf,connected_exact_normalized_project_names_across_capital_layers,N 34TH STREET ADA IMPROVEMENTS FROM 29TH AVE TO 33RD AVE
tpa-9e0d2c9def1c59,tpa-057423477d6ecf,connected_exact_normalized_project_names_across_capital_layers,N 34TH STREET ADA IMPROVEMENTS FROM 29TH AVE TO 33RD AVE
tpa-001a0604bb1d7a,tpa-06228d1f4d0792,connected_exact_normalized_project_names_across_capital_layers,PARKEDGE PUMPING STATION REHABILITATION YEAR 2
tpa-99bbacfa53882c,tpa-06228d1f4d0792,connected_exact_normalized_project_names_across_capital_layers,PARKEDGE PUMPING STATION REHABILITATION YEAR 2
tpa-6033385b574086,tpa-08c3d9bfa91b42,connected_exact_normalized_project_names_across_capital_layers,DOWNTOWN INTERCHANGE WASTEWATER COLLECTION SYSTEM REHABILITATION BY CIPP LINING
tpa-c80d82e619c8a0,tpa-08c3d9bfa91b42,connected_exact_normalized_project_names_across_capital_layers,DOWNTOWN INTERCHANGE WASTEWATER COLLECTION SYSTEM REHABILITATION BY CIPP LINING
tpa-3b86c5c3059ec7,tpa-098cbcedd446c3,connected_exact_normalized_project_names_across_capital_layers,YORKSHIRE
tpa-faf18e273952da,tpa-098cbcedd446c3,connected_exact_normalized_project_names_across_capital_layers,YORKSHIRE
tpa-c6b837fba441c7,tpa-0ab058157c6fd5,connected_exact_normalized_project_names_across_capital_layers,MANHATTAN OBISPO TO BAY TO BAY FLOODING RELIEF PHASE 2
tpa-f21d32d29a9f2d,tpa-0ab058157c6fd5,connected_exact_normalized_project_names_across_capital_layers,MANHATTAN OBISPO TO BAY TO BAY FLOODING RELIEF PHASE 2
tpa-345fb1a6e6140f,tpa-0b19c44bee2529,connected_exact_normalized_project_names_across_capital_layers,MABEL NORTH OF HENRY
tpa-53e55efab7cea2,tpa-0b19c44bee2529,connected_exact_normalized_project_names_across_capital_layers,MABEL NORTH OF HENRY
tpa-3905a42d39064d,tpa-0bbca492f94243,connected_exact_normalized_project_names_across_capital_layers,LOWER PENINSULA
tpa-b11e5ecf9a2ad1,tpa-0bbca492f94243,connected_exact_normalized_project_names_across_capital_layers,LOWER PENINSULA
tpa-3d59fdaa1331a8,tpa-0cb5c8fa34eba7,connected_exact_normalized_project_names_across_capital_layers,S MACDILL AVE RESURFACING FROM W GANDY BLVD TO W BAY TO BAY BLVD
tpa-c580508cac6876,tpa-0cb5c8fa34eba7,connected_exact_normalized_project_names_across_capital_layers,S MACDILL AVE RESURFACING FROM W GANDY BLVD TO W BAY TO BAY BLVD
tpa-5e6b556a2a09af,tpa-0db9b0ea2daa64,connected_exact_normalized_project_names_across_capital_layers,LOIS AVE
tpa-8f4df0fcb5d67e,tpa-0db9b0ea2daa64,connected_exact_normalized_project_names_across_capital_layers,LOIS AVE
tpa-11d1530a0cd010,tpa-0e542856d02973,connected_exact_normalized_project_names_across_capital_layers,CHURCH ST FM EXTENSION
tpa-3a97affa57f773,tpa-0e542856d02973,connected_exact_normalized_project_names_across_capital_layers,CHURCH ST FM EXTENSION
tpa-220fdc687da0f3,tpa-10719fa88c8a1d,connected_exact_normalized_project_names_across_capital_layers,FRANKLIN ST AND FORT BROOKE GARAGE BLANK OUT SIGNS
tpa-8010183b35ea30,tpa-10719fa88c8a1d,connected_exact_normalized_project_names_across_capital_layers,FRANKLIN ST AND FORT BROOKE GARAGE BLANK OUT SIGNS
tpa-3ec2201a4c6965,tpa-171058db0c4c5c,connected_exact_normalized_project_names_across_capital_layers,WASTEWATER PUMPING STATION REHABILITATION PRESCOTT PS
tpa-61d49619c3117c,tpa-171058db0c4c5c,connected_exact_normalized_project_names_across_capital_layers,WASTEWATER PUMPING STATION REHABILITATION PRESCOTT PS
tpa-919295c598e2bb,tpa-1d4651d0b0d880,connected_exact_normalized_project_names_across_capital_layers,122ND STREET PS FM REPLACEMENT
tpa-ce614b93911ae1,tpa-1d4651d0b0d880,connected_exact_normalized_project_names_across_capital_layers,122ND STREET PS FM REPLACEMENT
tpa-25f685186f2879,tpa-224cc398cbea00,connected_exact_normalized_project_names_across_capital_layers,BUSCH BLVD TRUNK SEWER REHABILITATION BY CIPP LINING
tpa-5ea91e2b5b3df6,tpa-224cc398cbea00,connected_exact_normalized_project_names_across_capital_layers,BUSCH BLVD TRUNK SEWER REHABILITATION BY CIPP LINING
tpa-0f1d5ffcb14bad,tpa-2695ad6313af38,connected_exact_normalized_project_names_across_capital_layers,CASS ST DRAWBRIDGE IMPROVEMENTS
tpa-7454611cd6f5f3,tpa-2695ad6313af38,connected_exact_normalized_project_names_across_capital_layers,CASS ST DRAWBRIDGE IMPROVEMENTS
tpa-08b385adcd1187,tpa-276e29cc0bfd56,connected_exact_normalized_project_names_across_capital_layers,BROREIN ST BRIDGE 105501 PHASE 2 MECHANICAL ELECTRICAL REHABILITATION
tpa-831ee1eb8d7846,tpa-276e29cc0bfd56,connected_exact_normalized_project_names_across_capital_layers,BROREIN ST BRIDGE 105501 PHASE 2 MECHANICAL ELECTRICAL REHABILITATION
tpa-42c75447278a2d,tpa-287723afdc6d7a,connected_exact_normalized_project_names_across_capital_layers,TWIGGS ST ASHLEY DR TO NEBRASKA AVE
tpa-c4717b01dfbaab,tpa-287723afdc6d7a,connected_exact_normalized_project_names_across_capital_layers,TWIGGS ST ASHLEY DR TO NEBRASKA AVE
tpa-09bd21b5c0ec62,tpa-28a7af3a4fd198,connected_exact_normalized_project_names_across_capital_layers,PATHWAYS TO PALMETTO DESIGN BUILD
tpa-890d7d633850e9,tpa-28a7af3a4fd198,connected_exact_normalized_project_names_across_capital_layers,PATHWAYS TO PALMETTO DESIGN BUILD
tpa-1a1b36619ccf12,tpa-2b64f75f74fca0,connected_exact_normalized_project_names_across_capital_layers,S HIMES WM R R
tpa-416967a3dfd15a,tpa-2b64f75f74fca0,connected_exact_normalized_project_names_across_capital_layers,S HIMES WM R R
tpa-6d44ef2c083230,tpa-2d2d1c36584495,connected_exact_normalized_project_names_across_capital_layers,LAKE FOREST 1 PUMPING STATION REHABILITATION YEAR 2
tpa-81be9351807946,tpa-2d2d1c36584495,connected_exact_normalized_project_names_across_capital_layers,LAKE FOREST 1 PUMPING STATION REHABILITATION YEAR 2
tpa-5704747fed2940,tpa-2d56f56a338d90,connected_exact_normalized_project_names_across_capital_layers,WASTEWATER PUMPING STATION REHABILITATION 109TH ST PS
tpa-c67f6cfa6ae6be,tpa-2d56f56a338d90,connected_exact_normalized_project_names_across_capital_layers,WASTEWATER PUMPING STATION REHABILITATION 109TH ST PS
tpa-5432cfdd4fa281,tpa-2ed8da642d70ff,connected_exact_normalized_project_names_across_capital_layers,CASS ST BRIDGE 105502 ELECTRICAL MECHANICAL REHABILITATION
tpa-ed6f3bdd8689ac,tpa-2ed8da642d70ff,connected_exact_normalized_project_names_across_capital_layers,CASS ST BRIDGE 105502 ELECTRICAL MECHANICAL REHABILITATION
tpa-e6105d094d275f,tpa-30d21feab70465,connected_exact_normalized_project_names_across_capital_layers,OLA AVE
tpa-edcdf5e2344c56,tpa-30d21feab70465,connected_exact_normalized_project_names_across_capital_layers,OLA AVE
tpa-064482adfecffc,tpa-353afe88aec810,connected_exact_normalized_project_names_across_capital_layers,SHERWOOD HEIGHTS PS FM RELOCATION
tpa-88f1459b6c2204,tpa-353afe88aec810,connected_exact_normalized_project_names_across_capital_layers,SHERWOOD HEIGHTS PS FM RELOCATION
tpa-0b28920ddd1c4c,tpa-37222f224d7341,connected_exact_normalized_project_names_across_capital_layers,EL PRADO BLVD COMPLETE STREETS SIDEWALKS OMAR AVE TO LOIS AVE LOIS AVE TO BAYSHORE BLVD
tpa-aac9c923f48c09,tpa-37222f224d7341,connected_exact_normalized_project_names_across_capital_layers,EL PRADO BLVD COMPLETE STREETS SIDEWALKS OMAR AVE TO LOIS AVE LOIS AVE TO BAYSHORE BLVD
tpa-2ac23816856fdf,tpa-3c9b63cd8b2149,connected_exact_normalized_project_names_across_capital_layers,JPA FDOT HEIGHT MULTIMODAL IMPROVEMENTS
tpa-acfdbd9ec87c5f,tpa-3c9b63cd8b2149,connected_exact_normalized_project_names_across_capital_layers,JPA FDOT HEIGHT MULTIMODAL IMPROVEMENTS
tpa-4a515e1f204704,tpa-42dcf7268b88bc,connected_exact_normalized_project_names_across_capital_layers,COPELAND PARK PUMP STATION
tpa-c3381e13253421,tpa-42dcf7268b88bc,connected_exact_normalized_project_names_across_capital_layers,COPELAND PARK PUMP STATION
tpa-3393ad84e8924e,tpa-446b264792bc1b,connected_exact_normalized_project_names_across_capital_layers,SULPHUR SPRINGS PS FM REHABILITATION
tpa-4b7334342ce60d,tpa-446b264792bc1b,connected_exact_normalized_project_names_across_capital_layers,SULPHUR SPRINGS PS FM REHABILITATION
tpa-ae77da0339dbb7,tpa-493189ec1964dd,connected_exact_normalized_project_names_across_capital_layers,GLEN AVE SIDEWALK AND SAFETY IMPROVEMENTS GREEN ST TO BEACH ST
tpa-d54b2533b8be75,tpa-493189ec1964dd,connected_exact_normalized_project_names_across_capital_layers,GLEN AVE SIDEWALK AND SAFETY IMPROVEMENTS GREEN ST TO BEACH ST
tpa-093638c461d770,tpa-4ada1f6c3013a6,connected_exact_normalized_project_names_across_capital_layers,VIRGINIA AVENUE PUMPING STATION DRAINAGE IMPROVEMENTS
tpa-abe4430c5891de,tpa-4ada1f6c3013a6,connected_exact_normalized_project_names_across_capital_layers,VIRGINIA AVENUE PUMPING STATION DRAINAGE IMPROVEMENTS
tpa-9dbbc0135f0178,tpa-4e0ddf4111d797,connected_exact_normalized_project_names_across_capital_layers,HOWARD F CURREN AWTP MASTER PLAN IMPROVEMENTS PHASE 2 DESIGN BUILD GMP NO 1
tpa-a8c6d8d37ecd65,tpa-4e0ddf4111d797,connected_exact_normalized_project_names_across_capital_layers,HOWARD F CURREN AWTP MASTER PLAN IMPROVEMENTS PHASE 2 DESIGN BUILD GMP NO 1
tpa-75210ea6420085,tpa-4ef4bb4c206a34,connected_exact_normalized_project_names_across_capital_layers,CITYWIDE DOCK BOARDWALK REPLACEMENT DAVIS ISLANDS SEAPLANE BASIN MOORING FIELD
tpa-83687d87f40be3,tpa-4ef4bb4c206a34,connected_exact_normalized_project_names_across_capital_layers,CITYWIDE DOCK BOARDWALK REPLACEMENT DAVIS ISLANDS SEAPLANE BASIN MOORING FIELD
tpa-f78f774d14b0f3,tpa-4ef4bb4c206a34,connected_exact_normalized_project_names_across_capital_layers,CITYWIDE DOCK BOARDWALK REPLACEMENT DAVIS ISLANDS SEAPLANE BASIN MOORING FIELD
tpa-3fc2665de8908f,tpa-55828ee72706f4,connected_exact_normalized_project_names_across_capital_layers,LANTANA POINSETTIA PUMP STATION
tpa-40fd06ecf0c771,tpa-55828ee72706f4,connected_exact_normalized_project_names_across_capital_layers,LANTANA POINSETTIA PUMP STATION
tpa-cc2e7facd50f23,tpa-55970080e03fd1,connected_exact_normalized_project_names_across_capital_layers,DREW PARK CRA MOBILITY CONNECTIVITY AND SAFETY IMPROVEMENTS
tpa-d00e492e32d8a0,tpa-55970080e03fd1,connected_exact_normalized_project_names_across_capital_layers,DREW PARK CRA MOBILITY CONNECTIVITY AND SAFETY IMPROVEMENTS
tpa-64733691ed879b,tpa-5a2f97b3a412d4,connected_exact_normalized_project_names_across_capital_layers,LAMB CANAL REHABILITATION FLOOD RELIEF
tpa-dc2c456cf309d4,tpa-5a2f97b3a412d4,connected_exact_normalized_project_names_across_capital_layers,LAMB CANAL REHABILITATION FLOOD RELIEF
tpa-3ae9a0cd0c32a8,tpa-5ab0e5aba72288,connected_exact_normalized_project_names_across_capital_layers,O BRIEN ST SEGMENT 1 CYPRESS ST TO SPRUCE ST
tpa-f29cd16ffc80d7,tpa-5ab0e5aba72288,connected_exact_normalized_project_names_across_capital_layers,O BRIEN ST SEGMENT 1 CYPRESS ST TO SPRUCE ST
tpa-636eb57bff0b3e,tpa-5b6b366122c269,connected_exact_normalized_project_names_across_capital_layers,OREGON PUMPING STATION REHABILITATION YEAR 2
tpa-7e3688a495b5cc,tpa-5b6b366122c269,connected_exact_normalized_project_names_across_capital_layers,OREGON PUMPING STATION REHABILITATION YEAR 2
tpa-57cfbcc1655083,tpa-60fa1e9349c074,connected_exact_normalized_project_names_across_capital_layers,DOYLE CARLTON DR LAUREL ST INTERSECTION IMPROVEMENTS
tpa-e0aa29a18f7e6d,tpa-60fa1e9349c074,connected_exact_normalized_project_names_across_capital_layers,DOYLE CARLTON DR LAUREL ST INTERSECTION IMPROVEMENTS
tpa-d1acb1b2ac691f,tpa-613081471e1d62,connected_exact_normalized_project_names_across_capital_layers,DOWNTOWN CORE COMPLETE STREETS TAMPA ST FROM BROREIN ST TO JACKSON ST
tpa-dbeb721681900d,tpa-613081471e1d62,connected_exact_normalized_project_names_across_capital_layers,DOWNTOWN CORE COMPLETE STREETS TAMPA ST FROM BROREIN ST TO JACKSON ST
tpa-4e2d36fc5dc974,tpa-66231479024c2c,connected_exact_normalized_project_names_across_capital_layers,DOWNTOWN PHASE II COLLECTION SYSTEM REHABILITATION
tpa-f6f47ec01666e3,tpa-66231479024c2c,connected_exact_normalized_project_names_across_capital_layers,DOWNTOWN PHASE II COLLECTION SYSTEM REHABILITATION
tpa-1a449725c319ae,tpa-664cf8ba630bcc,connected_exact_normalized_project_names_across_capital_layers,30TH ST AND FOWLER USF FM EXTENSION
tpa-c363fc6b86ba07,tpa-664cf8ba630bcc,connected_exact_normalized_project_names_across_capital_layers,30TH ST AND FOWLER USF FM EXTENSION
tpa-c3b40d7f24fdf9,tpa-6b6a6e319bc8a7,connected_exact_normalized_project_names_across_capital_layers,GUNLOCK PS GENERATOR ADDITION
tpa-cdd84714254ab4,tpa-6b6a6e319bc8a7,connected_exact_normalized_project_names_across_capital_layers,GUNLOCK PS GENERATOR ADDITION
tpa-7c8053bb80bb59,tpa-6ee9a2e188bdf2,connected_exact_normalized_project_names_across_capital_layers,RIVERCREST PARK BOARDWALK RENOVATION
tpa-dcf274485ba5dc,tpa-6ee9a2e188bdf2,connected_exact_normalized_project_names_across_capital_layers,RIVERCREST PARK BOARDWALK RENOVATION
tpa-099277a49dddbc,tpa-7113f1875895d2,connected_exact_normalized_project_names_across_capital_layers,ROME AVE PUMP STATION FORCE MAIN REPLACEMENT
tpa-d251161fdd0898,tpa-7113f1875895d2,connected_exact_normalized_project_names_across_capital_layers,ROME AVE PUMP STATION FORCE MAIN REPLACEMENT
tpa-2b542fb08fec8f,tpa-71346c0bba0c2c,connected_exact_normalized_project_names_across_capital_layers,BROREIN ST BRIDGE 105501 PHASE 1 STRUCTURAL REHABILITATION
tpa-d762159f953601,tpa-71346c0bba0c2c,connected_exact_normalized_project_names_across_capital_layers,BROREIN ST BRIDGE 105501 PHASE 1 STRUCTURAL REHABILITATION
tpa-8d731ac4da2527,tpa-72d6b971262a80,connected_exact_normalized_project_names_across_capital_layers,CONOVER AND 13TH
tpa-b7c5f35d5bef15,tpa-72d6b971262a80,connected_exact_normalized_project_names_across_capital_layers,CONOVER AND 13TH
tpa-1b5ffa59999212,tpa-7657433ed52a64,connected_exact_normalized_project_names_across_capital_layers,MANHATTAN VASCONIA TO OBISPO FLOODING RELIEF PHASE 1
tpa-6e1a321b266526,tpa-7657433ed52a64,connected_exact_normalized_project_names_across_capital_layers,MANHATTAN VASCONIA TO OBISPO FLOODING RELIEF PHASE 1
tpa-693435ab0d1627,tpa-77d281688e839d,connected_exact_normalized_project_names_across_capital_layers,ARMORY GARDENS
tpa-bb3c3df0e2c816,tpa-77d281688e839d,connected_exact_normalized_project_names_across_capital_layers,ARMORY GARDENS
tpa-85c60259a9d82c,tpa-7878b137016fca,connected_exact_normalized_project_names_across_capital_layers,GREEN ARTERY SEGMENT E
tpa-e6ce18b90281c0,tpa-7878b137016fca,connected_exact_normalized_project_names_across_capital_layers,GREEN ARTERY SEGMENT E
tpa-4d249af41f6040,tpa-7d1dc09d430e76,connected_exact_normalized_project_names_across_capital_layers,WATERS AVE GRAVITY SEWER REHABILITATION
tpa-f3eae6716b66a0,tpa-7d1dc09d430e76,connected_exact_normalized_project_names_across_capital_layers,WATERS AVE GRAVITY SEWER REHABILITATION
tpa-4ec8311c85145a,tpa-7dac0bb1eab9db,connected_exact_normalized_project_names_across_capital_layers,PLATT ST AND FREMONT AVE TRAFFIC SIGNAL
tpa-76e333ab48d7ee,tpa-7dac0bb1eab9db,connected_exact_normalized_project_names_across_capital_layers,PLATT ST AND FREMONT AVE TRAFFIC SIGNAL
tpa-c81f1865a458c4,tpa-7ee12fe4519bd8,connected_exact_normalized_project_names_across_capital_layers,PURITY SPRINGS RESTORATION AND LIVING SHORELINE
tpa-cce42b76cacb8a,tpa-7ee12fe4519bd8,connected_exact_normalized_project_names_across_capital_layers,PURITY SPRINGS RESTORATION AND LIVING SHORELINE
tpa-07eb920d6bc005,tpa-808aa21dd5c136,connected_exact_normalized_project_names_across_capital_layers,NEW TAMPA BLVD CORRIDOR IMPROVEMENTS FROM MEADOW PINE DR TO BRUCE B DOWNS BLVD RESURFACING
tpa-7ba25935c7ff8d,tpa-808aa21dd5c136,connected_exact_normalized_project_names_across_capital_layers,NEW TAMPA BLVD CORRIDOR IMPROVEMENTS FROM MEADOW PINE DR TO BRUCE B DOWNS BLVD RESURFACING
tpa-6b341bd3aacefa,tpa-8401b9481d33dc,connected_exact_normalized_project_names_across_capital_layers,EAST TAMPA RECREATIONAL COMPLEX
tpa-fce5073b75391b,tpa-8401b9481d33dc,connected_exact_normalized_project_names_across_capital_layers,EAST TAMPA RECREATIONAL COMPLEX
tpa-18a42dbdb806c6,tpa-86241ed55967c4,connected_exact_normalized_project_names_across_capital_layers,WASTEWATER PUMPING STATION REHABILITATION PARKE EAST PS
tpa-c3fbd62d261b1b,tpa-86241ed55967c4,connected_exact_normalized_project_names_across_capital_layers,WASTEWATER PUMPING STATION REHABILITATION PARKE EAST PS
tpa-98814349b25a13,tpa-86d3ed603df1e9,connected_exact_normalized_project_names_across_capital_layers,ASHLEY AND MADISON SIGNALS SMD
tpa-c8b9c107fd9e4a,tpa-86d3ed603df1e9,connected_exact_normalized_project_names_across_capital_layers,ASHLEY AND MADISON SIGNALS SMD
tpa-83057216e92d0c,tpa-86ee52822415f1,connected_exact_normalized_project_names_across_capital_layers,FLORIBRASKA AVE TAMPA ST TO 9TH ST
tpa-cef42bccd99981,tpa-86ee52822415f1,connected_exact_normalized_project_names_across_capital_layers,FLORIBRASKA AVE TAMPA ST TO 9TH ST
tpa-c70e2212c3a6c1,tpa-89828e522644fb,connected_exact_normalized_project_names_across_capital_layers,YBOR PS FM REHABILITATION
tpa-dc14103620129d,tpa-89828e522644fb,connected_exact_normalized_project_names_across_capital_layers,YBOR PS FM REHABILITATION
tpa-07c9fa860cf4ef,tpa-8b45dcb5c28c83,connected_exact_normalized_project_names_across_capital_layers,SOUTH HOWARD FLOOD RELIEF PROJECT
tpa-c8b19376859d6f,tpa-8b45dcb5c28c83,connected_exact_normalized_project_names_across_capital_layers,SOUTH HOWARD FLOOD RELIEF PROJECT
tpa-34e6278611996c,tpa-8eb82bbd192298,connected_exact_normalized_project_names_across_capital_layers,NTCB ELMER POND EXPANSION
tpa-91f72c7121c4d0,tpa-8eb82bbd192298,connected_exact_normalized_project_names_across_capital_layers,NTCB ELMER POND EXPANSION
tpa-9497bf87129233,tpa-9409ac3893adef,connected_exact_normalized_project_names_across_capital_layers,BERMUDA BLVD COMPLETE STREETS AND SEAWALL DESIGN
tpa-fdcbd1aabb5a7b,tpa-9409ac3893adef,connected_exact_normalized_project_names_across_capital_layers,BERMUDA BLVD COMPLETE STREETS AND SEAWALL DESIGN
tpa-4e1fb496986880,tpa-98a17eb54517ba,connected_exact_normalized_project_names_across_capital_layers,LOIS AVE CLEVELAND ST TO BOY SCOUT BLVD
tpa-d670571417e101,tpa-98a17eb54517ba,connected_exact_normalized_project_names_across_capital_layers,LOIS AVE CLEVELAND ST TO BOY SCOUT BLVD
tpa-65c3d27c428c2d,tpa-98cce022ad94b0,connected_exact_normalized_project_names_across_capital_layers,HERMAN MASSEY PARK REHABILITATION
tpa-f8570164b2fe88,tpa-98cce022ad94b0,connected_exact_normalized_project_names_across_capital_layers,HERMAN MASSEY PARK REHABILITATION
tpa-11078600b3bebd,tpa-9c191dfc408eda,connected_exact_normalized_project_names_across_capital_layers,BAYSHORE PUMPING STATION REHABILITATION
tpa-44d49dd6e044d2,tpa-9c191dfc408eda,connected_exact_normalized_project_names_across_capital_layers,BAYSHORE PUMPING STATION REHABILITATION
tpa-4a1db42b156c5c,tpa-9df29b136b10b2,connected_exact_normalized_project_names_across_capital_layers,MLK RESURFACING FROM AIR CARGO TO DALE MABRY
tpa-a8f62ac4dd8c7f,tpa-9df29b136b10b2,connected_exact_normalized_project_names_across_capital_layers,MLK RESURFACING FROM AIR CARGO TO DALE MABRY
tpa-0cbc7860bad88c,tpa-9e533d5d2e7928,connected_exact_normalized_project_names_across_capital_layers,30TH ST E BOUGAINVILLEA AVE TO E FOWLER AVE SEGMENT 2 RESURFACING
tpa-ab5ba72094c09f,tpa-9e533d5d2e7928,connected_exact_normalized_project_names_across_capital_layers,30TH ST E BOUGAINVILLEA AVE TO E FOWLER AVE SEGMENT 2 RESURFACING
tpa-a651371b3a6a81,tpa-a1b0cac407d6e5,connected_exact_normalized_project_names_across_capital_layers,WEST RIVER DISTRICT MULTI MODAL NETWORK AND SAFETY IMPROVEMENTS BUILD SEGMENTS 1 6
tpa-aedfe993bfe1bf,tpa-a1b0cac407d6e5,connected_exact_normalized_project_names_across_capital_layers,WEST RIVER DISTRICT MULTI MODAL NETWORK AND SAFETY IMPROVEMENTS BUILD SEGMENTS 1 6
tpa-82866667fef536,tpa-a230454c33a207,connected_exact_normalized_project_names_across_capital_layers,HANNA AVENUE PHASE II 22ND ST TO 30TH ST
tpa-fd77ccf3be3eab,tpa-a230454c33a207,connected_exact_normalized_project_names_across_capital_layers,HANNA AVENUE PHASE II 22ND ST TO 30TH ST
tpa-6088d1285ce7a2,tpa-a6334c218e962f,connected_exact_normalized_project_names_across_capital_layers,N 24TH STREET HANNA AVE TO SLIGH AVE
tpa-743ecc684a6ce9,tpa-a6334c218e962f,connected_exact_normalized_project_names_across_capital_layers,N 24TH STREET HANNA AVE TO SLIGH AVE
tpa-2d15c64a5f9e27,tpa-a78f4c57d3248a,connected_exact_normalized_project_names_across_capital_layers,MACDILL AIR FORCE BASE ACCESS IMPROVEMENTS INTERBAY BLVD BETWEEN WEST SHORE BLVD AND S BAYSHORE BLVD
tpa-a6f241a2b08f61,tpa-a78f4c57d3248a,connected_exact_normalized_project_names_across_capital_layers,MACDILL AIR FORCE BASE ACCESS IMPROVEMENTS INTERBAY BLVD BETWEEN WEST SHORE BLVD AND S BAYSHORE BLVD
tpa-0922f10f729fa7,tpa-a8886e3a8ac0a2,connected_exact_normalized_project_names_across_capital_layers,LAKESHORE PS FORCE MAIN REPLACEMENT
tpa-15407dc253839c,tpa-a8886e3a8ac0a2,connected_exact_normalized_project_names_across_capital_layers,LAKESHORE PS FORCE MAIN REPLACEMENT
tpa-6237d2409d3042,tpa-aa89455ae92488,connected_exact_normalized_project_names_across_capital_layers,SUGARCREEK PS FM REPLACEMENT
tpa-8a7c30cfd67ae9,tpa-aa89455ae92488,connected_exact_normalized_project_names_across_capital_layers,SUGARCREEK PS FM REPLACEMENT
tpa-2003f0be56b66f,tpa-ab88120e4e2cf5,connected_exact_normalized_project_names_across_capital_layers,GUNLOCK PS FORCE MAIN REPLACEMENT
tpa-6beb7afd12cd89,tpa-ab88120e4e2cf5,connected_exact_normalized_project_names_across_capital_layers,GUNLOCK PS FORCE MAIN REPLACEMENT
tpa-3c4051cc7ba6ad,tpa-abe97955acb085,connected_exact_normalized_project_names_across_capital_layers,WOODMERE LOIS
tpa-9f7fdea401b26d,tpa-abe97955acb085,connected_exact_normalized_project_names_across_capital_layers,WOODMERE LOIS
tpa-7b3daad89cb37d,tpa-b238c6fabfa6dc,connected_exact_normalized_project_names_across_capital_layers,REY PARK IMPROVEMENTS
tpa-8a7625fb79d667,tpa-b238c6fabfa6dc,connected_exact_normalized_project_names_across_capital_layers,REY PARK IMPROVEMENTS
tpa-7dfda1b548ca9b,tpa-b2ff57e165748b,connected_exact_normalized_project_names_across_capital_layers,HIGHLAND OAKS FM REPLACEMENT
tpa-e8243c5adad513,tpa-b2ff57e165748b,connected_exact_normalized_project_names_across_capital_layers,HIGHLAND OAKS FM REPLACEMENT
tpa-5126f807ecac7d,tpa-b3441febb19f80,connected_exact_normalized_project_names_across_capital_layers,SHERIDAN PUMPING STATION REHABILITATION YEAR 3
tpa-7600d38212de1b,tpa-b3441febb19f80,connected_exact_normalized_project_names_across_capital_layers,SHERIDAN PUMPING STATION REHABILITATION YEAR 3
tpa-161a7b0e9821f3,tpa-b4ab7c66d00b4a,connected_exact_normalized_project_names_across_capital_layers,COMMERCE PALMS DR AND COMPTON DR
tpa-f8db3b7c295de4,tpa-b4ab7c66d00b4a,connected_exact_normalized_project_names_across_capital_layers,COMMERCE PALMS DR AND COMPTON DR
tpa-2f91b6a49190da,tpa-c16d6435499fba,connected_exact_normalized_project_names_across_capital_layers,LIVE OAK SQUARE COLLECTION SYSTEM REHABILITATION
tpa-bcb9428e265364,tpa-c16d6435499fba,connected_exact_normalized_project_names_across_capital_layers,LIVE OAK SQUARE COLLECTION SYSTEM REHABILITATION
tpa-12b2808f15ff01,tpa-c5b3d6f07b2f6d,connected_exact_normalized_project_names_across_capital_layers,SALCINES PARK IMPROVEMENTS
tpa-58a7235cd824ec,tpa-c5b3d6f07b2f6d,connected_exact_normalized_project_names_across_capital_layers,SALCINES PARK IMPROVEMENTS
tpa-358e832e416f46,tpa-c6802e639e44db,connected_exact_normalized_project_names_across_capital_layers,FOREST HILLS PARK PUMP STATION
tpa-8e3ce591e5080a,tpa-c6802e639e44db,connected_exact_normalized_project_names_across_capital_layers,FOREST HILLS PARK PUMP STATION
tpa-67013a32fbc302,tpa-c794ce8bbe5cd2,connected_exact_normalized_project_names_across_capital_layers,INVISION STREETCAR DESIGN ONLY
tpa-c6797a89aa766f,tpa-c794ce8bbe5cd2,connected_exact_normalized_project_names_across_capital_layers,INVISION STREETCAR DESIGN ONLY
tpa-3481f705457bd0,tpa-c9ddc7b04853de,connected_exact_normalized_project_names_across_capital_layers,RALSTON BEACH PUMPING STATION REHABILITATION YEAR 2
tpa-f2f10ec9e16c63,tpa-c9ddc7b04853de,connected_exact_normalized_project_names_across_capital_layers,RALSTON BEACH PUMPING STATION REHABILITATION YEAR 2
tpa-25a2276ce397ea,tpa-c9f2fb736272f6,connected_exact_normalized_project_names_across_capital_layers,RIVER BLUFFS PS 50TH ST E REGNAS AVE FM
tpa-4d984625cc51fd,tpa-c9f2fb736272f6,connected_exact_normalized_project_names_across_capital_layers,RIVER BLUFFS PS 50TH ST E REGNAS AVE FM
tpa-28ee1fccc08cb9,tpa-cd135e5d912828,connected_exact_normalized_project_names_across_capital_layers,RIVEREDGE PUMPING STATION REHABILITATION YEAR 2
tpa-4f17e11ef5cd18,tpa-cd135e5d912828,connected_exact_normalized_project_names_across_capital_layers,RIVEREDGE PUMPING STATION REHABILITATION YEAR 2
tpa-7eba553c956e08,tpa-cd81628c7943f6,connected_exact_normalized_project_names_across_capital_layers,NORTH ASHLEY POND EXPANSION
tpa-ca52433e306de7,tpa-cd81628c7943f6,connected_exact_normalized_project_names_across_capital_layers,NORTH ASHLEY POND EXPANSION
tpa-96f390eb5c4597,tpa-cf1ef08b74d9bf,connected_exact_normalized_project_names_across_capital_layers,122ND AVE PUMPING STATION REHABILITATION
tpa-fbd2df66661deb,tpa-cf1ef08b74d9bf,connected_exact_normalized_project_names_across_capital_layers,122ND AVE PUMPING STATION REHABILITATION
tpa-2ad4fa2641b84f,tpa-cfa1d97c9d1567,connected_exact_normalized_project_names_across_capital_layers,NEIGHBORHOOD IMPROVEMENTS WEST RIVERSIDE HEIGHTS
tpa-38cd2ca0769497,tpa-cfa1d97c9d1567,connected_exact_normalized_project_names_across_capital_layers,NEIGHBORHOOD IMPROVEMENTS WEST RIVERSIDE HEIGHTS
tpa-0419fe60ce4935,tpa-d1773208bf209c,connected_exact_normalized_project_names_across_capital_layers,JEFFERSON
tpa-1d752166ec40f0,tpa-d1773208bf209c,connected_exact_normalized_project_names_across_capital_layers,JEFFERSON
tpa-70c6e5ad349ad3,tpa-d19a0df1935586,connected_exact_normalized_project_names_across_capital_layers,14TH ST AV REPUBLICA DE CUBA 21ST AVE
tpa-c4ebf91a175222,tpa-d19a0df1935586,connected_exact_normalized_project_names_across_capital_layers,14TH ST AV REPUBLICA DE CUBA 21ST AVE
tpa-a372b021e37be9,tpa-d1d7711eb2fdf9,connected_exact_normalized_project_names_across_capital_layers,SWANN PUMPING STATION GENERATOR INSTALLATION
tpa-ca6453575c8664,tpa-d1d7711eb2fdf9,connected_exact_normalized_project_names_across_capital_layers,SWANN PUMPING STATION GENERATOR INSTALLATION
tpa-6696455d6b14e2,tpa-d2e578d5a8c434,connected_exact_normalized_project_names_across_capital_layers,GREENWAYS TRAIL GATEWAY SIGN NEW TAMPA NATURE PARK
tpa-7b15e488057d22,tpa-d2e578d5a8c434,connected_exact_normalized_project_names_across_capital_layers,GREENWAYS TRAIL GATEWAY SIGN NEW TAMPA NATURE PARK
tpa-6093a169d630b2,tpa-d3ca81ecd3bf22,connected_exact_normalized_project_names_across_capital_layers,BELMONT HEIGHTS GRAVITY SEWER CIPP LINING
tpa-9916312e4fe8d3,tpa-d3ca81ecd3bf22,connected_exact_normalized_project_names_across_capital_layers,BELMONT HEIGHTS GRAVITY SEWER CIPP LINING
tpa-01b3c942b7cfb5,tpa-d60b774d24d302,connected_exact_normalized_project_names_across_capital_layers,DOWNTOWN CORE COMPLETE STREETS FLORIDA AVE FROM CHANNELSIDE DR TO JACKSON ST
tpa-234c4d7d438888,tpa-d60b774d24d302,connected_exact_normalized_project_names_across_capital_layers,DOWNTOWN CORE COMPLETE STREETS FLORIDA AVE FROM CHANNELSIDE DR TO JACKSON ST
tpa-0343f37c018aa5,tpa-d86cfc8d539121,connected_exact_normalized_project_names_across_capital_layers,CHURCH PUMPING STATION REHABILITATION YEAR 3
tpa-7937a5492be060,tpa-d86cfc8d539121,connected_exact_normalized_project_names_across_capital_layers,CHURCH PUMPING STATION REHABILITATION YEAR 3
tpa-33622a7d959a11,tpa-d8a0505020d69d,connected_exact_normalized_project_names_across_capital_layers,MANHATTAN AVE BAY TO BAY BLVD TRAFFIC SIGNAL UPGRADE
tpa-5a4ae7d7b75352,tpa-d8a0505020d69d,connected_exact_normalized_project_names_across_capital_layers,MANHATTAN AVE BAY TO BAY BLVD TRAFFIC SIGNAL UPGRADE
tpa-5e444efab03b60,tpa-de3734e9f296af,connected_exact_normalized_project_names_across_capital_layers,INTERBAY PS FM REPLACEMENT
tpa-caecd4736d088d,tpa-de3734e9f296af,connected_exact_normalized_project_names_across_capital_layers,INTERBAY PS FM REPLACEMENT
tpa-8daae40831a1eb,tpa-df2cde3408e1cf,connected_exact_normalized_project_names_across_capital_layers,MACDILL AVE GANDY BLVD TRAFFIC SIGNAL UPGRADE
tpa-f813095c79d1b6,tpa-df2cde3408e1cf,connected_exact_normalized_project_names_across_capital_layers,MACDILL AVE GANDY BLVD TRAFFIC SIGNAL UPGRADE
tpa-198b6fd41567fb,tpa-e3870c38d407de,connected_exact_normalized_project_names_across_capital_layers,BAYSHORE BLVD SWANN AVE NEW TRAFFIC SIGNAL
tpa-5c4593ea1e3bf7,tpa-e3870c38d407de,connected_exact_normalized_project_names_across_capital_layers,BAYSHORE BLVD SWANN AVE NEW TRAFFIC SIGNAL
tpa-27b2a0cf557d1d,tpa-e3d74ebeda0a07,connected_exact_normalized_project_names_across_capital_layers,CLEVELAND ST AND ROME AVE TRAFFIC SIGNAL
tpa-a91aeae53a5d5f,tpa-e3d74ebeda0a07,connected_exact_normalized_project_names_across_capital_layers,CLEVELAND ST AND ROME AVE TRAFFIC SIGNAL
tpa-4b2c1f9d566e9c,tpa-e8eb05f64083fb,connected_exact_normalized_project_names_across_capital_layers,W KIRBY ST DRAINAGE IMPROVEMENTS
tpa-618f585b7e2d5e,tpa-e8eb05f64083fb,connected_exact_normalized_project_names_across_capital_layers,W KIRBY ST DRAINAGE IMPROVEMENTS
tpa-14c05d47e90fdf,tpa-e9b7d55940a116,connected_exact_normalized_project_names_across_capital_layers,SIDEWALKS HUBERT ST W CYPRESS TO W MAIN ST
tpa-87276a3fb6182d,tpa-e9b7d55940a116,connected_exact_normalized_project_names_across_capital_layers,SIDEWALKS HUBERT ST W CYPRESS TO W MAIN ST
tpa-083b6db9d748f2,tpa-ea487783c2cd04,connected_exact_normalized_project_names_across_capital_layers,FOUNDATION FOR TAMPA S NEIGHBORHOODS PROJECT MACFARLANE PARK AREA
tpa-a86207083adebf,tpa-ea487783c2cd04,connected_exact_normalized_project_names_across_capital_layers,FOUNDATION FOR TAMPA S NEIGHBORHOODS PROJECT MACFARLANE PARK AREA
tpa-2b28216e6ed073,tpa-ec41bac2a6959e,connected_exact_normalized_project_names_across_capital_layers,ADALEE PUMPING STATION REHABILITATION
tpa-d730fad4f525b9,tpa-ec41bac2a6959e,connected_exact_normalized_project_names_across_capital_layers,ADALEE PUMPING STATION REHABILITATION
tpa-351a681fb77d78,tpa-eda1b7ede907aa,connected_exact_normalized_project_names_across_capital_layers,ROME AVE PUMP STATION REHABILITATION YEAR 2
tpa-9b5d81cee0092f,tpa-eda1b7ede907aa,connected_exact_normalized_project_names_across_capital_layers,ROME AVE PUMP STATION REHABILITATION YEAR 2
tpa-b7e530495b54ab,tpa-ee4ec0506c52e7,connected_exact_normalized_project_names_across_capital_layers,GREEN SPINE CYCLE TRACK PHASE 2A
tpa-be41207f6ef31d,tpa-ee4ec0506c52e7,connected_exact_normalized_project_names_across_capital_layers,GREEN SPINE CYCLE TRACK PHASE 2A
tpa-aca9d41764da13,tpa-f05d147a1350ac,connected_exact_normalized_project_names_across_capital_layers,GANDY PARK SOUTH AND A J PALONIS PARK IMPROVEMENTS
tpa-d59bbcd1cb48db,tpa-f05d147a1350ac,connected_exact_normalized_project_names_across_capital_layers,GANDY PARK SOUTH AND A J PALONIS PARK IMPROVEMENTS
tpa-019efae193aee4,tpa-f51432f4534560,connected_exact_normalized_project_names_across_capital_layers,N 15TH STREET ADA IMPROVEMENTS FROM E 109TH AVE TO E FOWLER AVE
tpa-a8de5f6935b10e,tpa-f51432f4534560,connected_exact_normalized_project_names_across_capital_layers,N 15TH STREET ADA IMPROVEMENTS FROM E 109TH AVE TO E FOWLER AVE
tpa-3a086a27e4ff8a,tpa-f56607de0ed61e,connected_exact_normalized_project_names_across_capital_layers,HIMES AVE GANDY BLVD TRAFFIC SIGNAL UPGRADE
tpa-43f3d942e50663,tpa-f56607de0ed61e,connected_exact_normalized_project_names_across_capital_layers,HIMES AVE GANDY BLVD TRAFFIC SIGNAL UPGRADE
tpa-08c09eeb8808fc,tpa-f8b080678d224d,connected_exact_normalized_project_names_across_capital_layers,W CYPRESS STREET RESURFACING ZONE 1 FROM N OBRIEN ST TO N HIMES AVE
tpa-3dd41f395edffb,tpa-f8b080678d224d,connected_exact_normalized_project_names_across_capital_layers,W CYPRESS STREET RESURFACING ZONE 1 FROM N OBRIEN ST TO N HIMES AVE
tpa-167974fad51828,tpa-fad81e27486de4,connected_exact_normalized_project_names_across_capital_layers,GREEN ARTERY SEGMENT D
tpa-706063889b47d1,tpa-fad81e27486de4,connected_exact_normalized_project_names_across_capital_layers,GREEN ARTERY SEGMENT D
tpa-08a526f2666c55,tpa-fcb5e1c46a52dc,connected_exact_normalized_project_names_across_capital_layers,COLUMBUS DR ROME AVE NEW TRAFFIC SIGNAL
tpa-931e7131dd9c8a,tpa-fcb5e1c46a52dc,connected_exact_normalized_project_names_across_capital_layers,COLUMBUS DR ROME AVE NEW TRAFFIC SIGNAL
tpa-0f52ea932ae248,tpa-fcd1f5f70bf6dd,connected_exact_normalized_project_names_across_capital_layers,PALMA CEIA AREA 2 AKA PHASE III
tpa-f277bf26795a98,tpa-fcd1f5f70bf6dd,connected_exact_normalized_project_names_across_capital_layers,PALMA CEIA AREA 2 AKA PHASE III
tpa-9f3572aad6a3ea,tpa-fe99d021a307df,connected_exact_normalized_project_names_across_capital_layers,NTCB 99TH AVE WEST POND EXPANSION
tpa-bef12cbe42cf3b,tpa-fe99d021a307df,connected_exact_normalized_project_names_across_capital_layers,NTCB 99TH AVE WEST POND EXPANSION
