amount_id,activity_id,amount_usd,amount_type,price_year,public_or_private,source,is_estimate,is_final
amt-d7fb70dbcc2ce438,tpa-8f56c0e5fdf2b4,50000000.00,city_capital_project_estimated_cost,,public,https://arcgis.tampagov.net/arcgis/rest/services/CapitalProjects/CapitalProjects/FeatureServer/0,yes,unknown
amt-8bcc72d0094e9909,tpa-a0292bfa993641,1060000.00,city_capital_project_estimated_cost,,public,https://arcgis.tampagov.net/arcgis/rest/services/CapitalProjects/CapitalProjects/FeatureServer/0,yes,unknown
amt-33f0d12a71329ef7,tpa-158a54490ff1e1,1200000.00,city_capital_project_estimated_cost,,public,https://arcgis.tampagov.net/arcgis/rest/services/CapitalProjects/CapitalProjects/FeatureServer/0,yes,unknown
amt-f5fc469b3da5b9aa,tpa-a77071105ef227,1077500.00,city_capital_project_estimated_cost,,public,https://arcgis.tampagov.net/arcgis/rest/services/CapitalProjects/CapitalProjects/FeatureServer/0,yes,unknown
amt-cd83d74119495629,tpa-574607026a01c5,24750000.00,city_capital_project_estimated_cost,,public,https://arcgis.tampagov.net/arcgis/rest/services/CapitalProjects/CapitalProjects/FeatureServer/0,yes,unknown
amt-b007d3c64f8e6890,tpa-5a1b25a7e88ea2,14000000.00,city_capital_project_estimated_cost,,public,https://arcgis.tampagov.net/arcgis/rest/services/CapitalProjects/CapitalProjects/FeatureServer/0,yes,unknown
amt-f4af1f4edf5b85df,tpa-5b2d9339506c9f,25000000.00,city_capital_project_estimated_cost,,public,https://arcgis.tampagov.net/arcgis/rest/services/CapitalProjects/CapitalProjects/FeatureServer/0,yes,unknown
amt-3d3e124cf89140f4,tpa-d59bbab0602365,4080000.00,city_capital_project_estimated_cost,2021,public,https://arcgis.tampagov.net/arcgis/rest/services/CapitalProjects/CapitalProjects/FeatureServer/0,yes,unknown
amt-549801ccc355a727,tpa-98cce022ad94b0,2000000.00,city_capital_project_estimated_cost,2022,public,https://arcgis.tampagov.net/arcgis/rest/services/CapitalProjects/CapitalProjects/FeatureServer/0,yes,unknown
amt-0c6e2898fe1556d6,tpa-4ef4bb4c206a34,1500000.00,city_capital_project_estimated_cost,2022,public,https://arcgis.tampagov.net/arcgis/rest/services/CapitalProjects/CapitalProjects/FeatureServer/0,yes,unknown
amt-e445f9f4d7f81bca,tpa-d2e578d5a8c434,500000.00,city_capital_project_estimated_cost,2021,public,https://arcgis.tampagov.net/arcgis/rest/services/CapitalProjects/CapitalProjects/FeatureServer/0,yes,unknown
amt-82c25b6e656fa020,tpa-6ee9a2e188bdf2,1100000.00,city_capital_project_estimated_cost,2021,public,https://arcgis.tampagov.net/arcgis/rest/services/CapitalProjects/CapitalProjects/FeatureServer/0,yes,unknown
amt-2c2bd30e543cd89f,tpa-8401b9481d33dc,34686537.00,city_capital_project_estimated_cost,2021,public,https://arcgis.tampagov.net/arcgis/rest/services/CapitalProjects/CapitalProjects/FeatureServer/0,yes,unknown
amt-fd4ae9733dd7af68,tpa-6f824c575084b5,2000000.00,city_capital_project_estimated_cost,,public,https://arcgis.tampagov.net/arcgis/rest/services/CapitalProjects/CapitalProjects/FeatureServer/0,yes,unknown
amt-8057201e46eb8d5d,tpa-ae07f4ea146cd3,800000.00,city_capital_project_estimated_cost,,public,https://arcgis.tampagov.net/arcgis/rest/services/CapitalProjects/CapitalProjects/FeatureServer/0,yes,unknown
amt-7e549dd2eb5fddf5,tpa-f05d147a1350ac,2000000.00,city_capital_project_estimated_cost,2022,public,https://arcgis.tampagov.net/arcgis/rest/services/CapitalProjects/CapitalProjects/FeatureServer/0,yes,unknown
amt-7ffc636dd9bee008,tpa-7ee12fe4519bd8,700000.00,city_capital_project_estimated_cost,2022,public,https://arcgis.tampagov.net/arcgis/rest/services/CapitalProjects/CapitalProjects/FeatureServer/0,yes,unknown
amt-b67bd16799fc1a44,tpa-b238c6fabfa6dc,4000000.00,city_capital_project_estimated_cost,2022,public,https://arcgis.tampagov.net/arcgis/rest/services/CapitalProjects/CapitalProjects/FeatureServer/0,yes,unknown
amt-e63ad55f740421cf,tpa-c5b3d6f07b2f6d,1267798.68,city_capital_project_estimated_cost,2022,public,https://arcgis.tampagov.net/arcgis/rest/services/CapitalProjects/CapitalProjects/FeatureServer/0,yes,unknown
amt-c52d80f303c8c605,tpa-03560edf9915fa,776720.00,city_capital_project_estimated_cost,,public,https://arcgis.tampagov.net/arcgis/rest/services/CapitalProjects/CapitalProjects/FeatureServer/0,yes,unknown
amt-f7b88715193ac431,tpa-3ec4cea3916f0f,829000.00,city_capital_project_estimated_cost,,public,https://arcgis.tampagov.net/arcgis/rest/services/CapitalProjects/CapitalProjects/FeatureServer/0,yes,unknown
amt-d5ad78fa09d284a3,tpa-69474d33a67c4d,570900.00,city_capital_project_estimated_cost,,public,https://arcgis.tampagov.net/arcgis/rest/services/CapitalProjects/CapitalProjects/FeatureServer/0,yes,unknown
amt-59ececc6b4b07d59,tpa-294e58872d51d2,288000.00,city_capital_project_estimated_cost,,public,https://arcgis.tampagov.net/arcgis/rest/services/CapitalProjects/CapitalProjects/FeatureServer/0,yes,unknown
amt-2e05a96fbe66ba61,tpa-7d5a8bdb159610,2000000.00,city_capital_project_estimated_cost,,public,https://arcgis.tampagov.net/arcgis/rest/services/CapitalProjects/CapitalProjects/FeatureServer/0,yes,unknown
amt-b83c21dc3ffd5bb7,tpa-b84ad11a207254,500000.00,city_capital_project_estimated_cost,,public,https://arcgis.tampagov.net/arcgis/rest/services/CapitalProjects/CapitalProjects/FeatureServer/0,yes,unknown
amt-72a03de6dd4b24aa,tpa-a01bee6279cad3,2623356.00,city_capital_project_estimated_cost,2022,public,https://arcgis.tampagov.net/arcgis/rest/services/CapitalProjects/CityWideProjectsPublic/FeatureServer/2,yes,unknown
amt-9c266ef25331e95b,tpa-cde54daf8d60d7,500000.00,city_capital_project_estimated_cost,2023,public,https://arcgis.tampagov.net/arcgis/rest/services/CapitalProjects/CityWideProjectsPublic/FeatureServer/2,yes,unknown
amt-848a2f57ca56531d,tpa-7cc26674fff57a,2280000.00,city_capital_project_estimated_cost,2025,public,https://arcgis.tampagov.net/arcgis/rest/services/CapitalProjects/CityWideProjectsPublic/FeatureServer/2,yes,unknown
amt-69fad258e3d48b62,tpa-36cfe6334670c3,1270000.00,city_capital_project_estimated_cost,2025,public,https://arcgis.tampagov.net/arcgis/rest/services/CapitalProjects/CityWideProjectsPublic/FeatureServer/2,yes,unknown
amt-c1a2db4d776f501a,tpa-c06a1f03447b23,3000000.00,city_capital_project_estimated_cost,2020,public,https://arcgis.tampagov.net/arcgis/rest/services/CapitalProjects/CityWideProjectsPublic/FeatureServer/2,yes,unknown
amt-00a4f805b0e06f4d,tpa-230fc3f6aaf221,51500000.00,city_capital_project_estimated_cost,2020,public,https://arcgis.tampagov.net/arcgis/rest/services/CapitalProjects/CityWideProjectsPublic/FeatureServer/2,yes,unknown
amt-2b27b1bcd20e7af4,tpa-323fcf4dc86010,8000000.00,city_capital_project_estimated_cost,2021,public,https://arcgis.tampagov.net/arcgis/rest/services/CapitalProjects/CityWideProjectsPublic/FeatureServer/2,yes,unknown
amt-1a98cbfedd0c7b8b,tpa-88e454a00b7117,3000000.00,city_capital_project_estimated_cost,2020,public,https://arcgis.tampagov.net/arcgis/rest/services/CapitalProjects/CityWideProjectsPublic/FeatureServer/2,yes,unknown
amt-cb27eb47f5e585c6,tpa-1e43ec28385c2b,90000.00,city_capital_project_estimated_cost,2020,public,https://arcgis.tampagov.net/arcgis/rest/services/CapitalProjects/CityWideProjectsPublic/FeatureServer/2,yes,unknown
amt-9e3760e07ff3a6b5,tpa-ea21c7053f823c,75000.00,city_capital_project_estimated_cost,2020,public,https://arcgis.tampagov.net/arcgis/rest/services/CapitalProjects/CityWideProjectsPublic/FeatureServer/2,yes,unknown
amt-5816c078a83d8f83,tpa-a68014619dcb8d,100000.00,city_capital_project_estimated_cost,2021,public,https://arcgis.tampagov.net/arcgis/rest/services/CapitalProjects/CityWideProjectsPublic/FeatureServer/2,yes,unknown
amt-19e03fc426757a50,tpa-a9721ae8eb3ffb,225000.00,city_capital_project_estimated_cost,2022,public,https://arcgis.tampagov.net/arcgis/rest/services/CapitalProjects/CityWideProjectsPublic/FeatureServer/2,yes,unknown
amt-6201efdd31f017ef,tpa-0cd62d9174a7bf,95000.00,city_capital_project_estimated_cost,2020,public,https://arcgis.tampagov.net/arcgis/rest/services/CapitalProjects/CityWideProjectsPublic/FeatureServer/2,yes,unknown
amt-f1ce18491f8b1df6,tpa-3bc05d25e4572c,200000.00,city_capital_project_estimated_cost,2023,public,https://arcgis.tampagov.net/arcgis/rest/services/CapitalProjects/CityWideProjectsPublic/FeatureServer/2,yes,unknown
amt-2668ea610e4ffe96,tpa-97eda886278a0b,1500000.00,city_capital_project_estimated_cost,,public,https://arcgis.tampagov.net/arcgis/rest/services/CapitalProjects/CapitalProjects/FeatureServer/0,yes,unknown
amt-8c283537b887b883,tpa-d05a3db30262e4,55604452.00,city_capital_project_estimated_cost,2020,public,https://arcgis.tampagov.net/arcgis/rest/services/CapitalProjects/CapitalProjects/FeatureServer/0,yes,unknown
amt-604873499fef7a9e,tpa-040b3c67421719,1270000.00,city_capital_project_estimated_cost,,public,https://arcgis.tampagov.net/arcgis/rest/services/CapitalProjects/CapitalProjects/FeatureServer/0,yes,unknown
amt-79697897dca95f66,tpa-637a549e7d9e93,2280000.00,city_capital_project_estimated_cost,,public,https://arcgis.tampagov.net/arcgis/rest/services/CapitalProjects/CapitalProjects/FeatureServer/0,yes,unknown
amt-c7b59c84b57823d6,tpa-661a6c7d7b0de0,30000000.00,city_capital_project_estimated_cost,2020,public,https://arcgis.tampagov.net/arcgis/rest/services/CapitalProjects/CapitalProjects/FeatureServer/0,yes,unknown
amt-3ad3da32e826dd03,tpa-5a2f97b3a412d4,25000.00,city_capital_project_estimated_cost,2020,public,https://arcgis.tampagov.net/arcgis/rest/services/CapitalProjects/CapitalProjects/FeatureServer/0,yes,unknown
amt-c2e317484faf649c,tpa-72d6b971262a80,90000.00,city_capital_project_estimated_cost,2023,public,https://arcgis.tampagov.net/arcgis/rest/services/CapitalProjects/CapitalProjects/FeatureServer/0,yes,unknown
amt-75a0bd6c0d71092e,tpa-42dcf7268b88bc,325000.00,city_capital_project_estimated_cost,2020,public,https://arcgis.tampagov.net/arcgis/rest/services/CapitalProjects/CapitalProjects/FeatureServer/0,yes,unknown
amt-76f454c2b7a34599,tpa-55828ee72706f4,200000.00,city_capital_project_estimated_cost,2020,public,https://arcgis.tampagov.net/arcgis/rest/services/CapitalProjects/CapitalProjects/FeatureServer/0,yes,unknown
amt-492ca5ea017f83a7,tpa-7657433ed52a64,6800000.00,city_capital_project_estimated_cost,2020,public,https://arcgis.tampagov.net/arcgis/rest/services/CapitalProjects/CapitalProjects/FeatureServer/0,yes,unknown
amt-105a08dacb6f63ff,tpa-a852e71c9df8b3,3000000.00,city_capital_project_estimated_cost,2020,public,https://arcgis.tampagov.net/arcgis/rest/services/CapitalProjects/CapitalProjects/FeatureServer/0,yes,unknown
amt-41ee6d317f521c89,tpa-4ada1f6c3013a6,330000.00,city_capital_project_estimated_cost,2021,public,https://arcgis.tampagov.net/arcgis/rest/services/CapitalProjects/CapitalProjects/FeatureServer/0,yes,unknown
amt-fea946104b591795,tpa-0b19c44bee2529,90000.00,city_capital_project_estimated_cost,2022,public,https://arcgis.tampagov.net/arcgis/rest/services/CapitalProjects/CapitalProjects/FeatureServer/0,yes,unknown
amt-10e40767766b0b9a,tpa-abe97955acb085,150000.00,city_capital_project_estimated_cost,2022,public,https://arcgis.tampagov.net/arcgis/rest/services/CapitalProjects/CapitalProjects/FeatureServer/0,yes,unknown
amt-6cbe8e35668da2e7,tpa-cd81628c7943f6,75000.00,city_capital_project_estimated_cost,2022,public,https://arcgis.tampagov.net/arcgis/rest/services/CapitalProjects/CapitalProjects/FeatureServer/0,yes,unknown
amt-b1a052d7e2220ef0,tpa-d04d7a186f9070,8000000.00,city_capital_project_estimated_cost,2021,public,https://arcgis.tampagov.net/arcgis/rest/services/CapitalProjects/CapitalProjects/FeatureServer/0,yes,unknown
amt-f86b718025e27e85,tpa-8b45dcb5c28c83,100400000.00,city_capital_project_estimated_cost,2021,public,https://arcgis.tampagov.net/arcgis/rest/services/CapitalProjects/CapitalProjects/FeatureServer/0,yes,unknown
amt-7a7905649635067e,tpa-c6802e639e44db,3400000.00,city_capital_project_estimated_cost,2025,public,https://arcgis.tampagov.net/arcgis/rest/services/CapitalProjects/CapitalProjects/FeatureServer/0,yes,unknown
amt-1cc5869c457c5422,tpa-fb92843026f301,300000.00,city_capital_project_estimated_cost,2020,public,https://arcgis.tampagov.net/arcgis/rest/services/CapitalProjects/CapitalProjects/FeatureServer/0,yes,unknown
amt-5e568d2470fe3276,tpa-8eb82bbd192298,90000.00,city_capital_project_estimated_cost,2020,public,https://arcgis.tampagov.net/arcgis/rest/services/CapitalProjects/CapitalProjects/FeatureServer/0,yes,unknown
amt-a5724644ca7bdb93,tpa-f65d4372ded97d,350000.00,city_capital_project_estimated_cost,2020,public,https://arcgis.tampagov.net/arcgis/rest/services/CapitalProjects/CapitalProjects/FeatureServer/0,yes,unknown
amt-8d0698f0b661def3,tpa-0ab058157c6fd5,3000000.00,city_capital_project_estimated_cost,2024,public,https://arcgis.tampagov.net/arcgis/rest/services/CapitalProjects/CapitalProjects/FeatureServer/0,yes,unknown
amt-511c4f8138db5b87,tpa-fe99d021a307df,50000.00,city_capital_project_estimated_cost,2024,public,https://arcgis.tampagov.net/arcgis/rest/services/CapitalProjects/CapitalProjects/FeatureServer/0,yes,unknown
amt-8ded1aa58801d289,tpa-674d3fca54b18a,1600000.00,city_capital_project_estimated_cost,,public,https://arcgis.tampagov.net/arcgis/rest/services/CapitalProjects/CapitalProjects/FeatureServer/0,yes,unknown
amt-049e3745ae8d5895,tpa-5ab0e5aba72288,651450.00,city_capital_project_estimated_cost,2024,public,https://arcgis.tampagov.net/arcgis/rest/services/CapitalProjects/CapitalProjects/FeatureServer/0,yes,unknown
amt-b7d7c614a677ce36,tpa-71346c0bba0c2c,9220000.00,city_capital_project_estimated_cost,2021,public,https://arcgis.tampagov.net/arcgis/rest/services/CapitalProjects/CapitalProjects/FeatureServer/0,yes,unknown
amt-cfe2f6971448bd44,tpa-2ed8da642d70ff,6930000.00,city_capital_project_estimated_cost,2021,public,https://arcgis.tampagov.net/arcgis/rest/services/CapitalProjects/CapitalProjects/FeatureServer/0,yes,unknown
amt-bc8f10da8138a22d,tpa-493189ec1964dd,1672823.61,city_capital_project_estimated_cost,2021,public,https://arcgis.tampagov.net/arcgis/rest/services/CapitalProjects/CapitalProjects/FeatureServer/0,yes,unknown
amt-46ffb0540846654d,tpa-493189ec1964dd,1672823.61,city_capital_project_reported_actual_cost,2021,public,https://arcgis.tampagov.net/arcgis/rest/services/CapitalProjects/CapitalProjects/FeatureServer/0,no,unknown
amt-1847fb605868ff0a,tpa-fad81e27486de4,532787.00,city_capital_project_estimated_cost,2021,public,https://arcgis.tampagov.net/arcgis/rest/services/CapitalProjects/CapitalProjects/FeatureServer/0,yes,unknown
amt-afb0d0aab0113e70,tpa-fad81e27486de4,490694.40,city_capital_project_reported_actual_cost,2021,public,https://arcgis.tampagov.net/arcgis/rest/services/CapitalProjects/CapitalProjects/FeatureServer/0,no,unknown
amt-eb475bd892f795c0,tpa-7878b137016fca,1188166.00,city_capital_project_estimated_cost,2021,public,https://arcgis.tampagov.net/arcgis/rest/services/CapitalProjects/CapitalProjects/FeatureServer/0,yes,unknown
amt-c6f36350c42cc583,tpa-7878b137016fca,1188165.66,city_capital_project_reported_actual_cost,2021,public,https://arcgis.tampagov.net/arcgis/rest/services/CapitalProjects/CapitalProjects/FeatureServer/0,no,unknown
amt-44347b9e65969005,tpa-86ee52822415f1,2399631.00,city_capital_project_estimated_cost,2021,public,https://arcgis.tampagov.net/arcgis/rest/services/CapitalProjects/CapitalProjects/FeatureServer/0,yes,unknown
amt-679e5327335f5457,tpa-86ee52822415f1,2399630.68,city_capital_project_reported_actual_cost,2021,public,https://arcgis.tampagov.net/arcgis/rest/services/CapitalProjects/CapitalProjects/FeatureServer/0,no,unknown
amt-c3e484f2c1b6cf1e,tpa-613081471e1d62,1000000.00,city_capital_project_estimated_cost,2025,public,https://arcgis.tampagov.net/arcgis/rest/services/CapitalProjects/CapitalProjects/FeatureServer/0,yes,unknown
amt-ca310b7b45fa6962,tpa-d60b774d24d302,1000000.00,city_capital_project_estimated_cost,2025,public,https://arcgis.tampagov.net/arcgis/rest/services/CapitalProjects/CapitalProjects/FeatureServer/0,yes,unknown
amt-69f1827c7c3bffb0,tpa-e9b7d55940a116,320000.00,city_capital_project_estimated_cost,2021,public,https://arcgis.tampagov.net/arcgis/rest/services/CapitalProjects/CapitalProjects/FeatureServer/0,yes,unknown
amt-5e77121057685899,tpa-98a17eb54517ba,5400000.00,city_capital_project_estimated_cost,2021,public,https://arcgis.tampagov.net/arcgis/rest/services/CapitalProjects/CapitalProjects/FeatureServer/0,yes,unknown
amt-2880727d95defcd0,tpa-ef5b25d2cd2b58,292344.18,city_capital_project_estimated_cost,2021,public,https://arcgis.tampagov.net/arcgis/rest/services/CapitalProjects/CapitalProjects/FeatureServer/0,yes,unknown
amt-fb29c26036cb941b,tpa-7dac0bb1eab9db,500602.58,city_capital_project_estimated_cost,2021,public,https://arcgis.tampagov.net/arcgis/rest/services/CapitalProjects/CapitalProjects/FeatureServer/0,yes,unknown
amt-f26863b1194dec9a,tpa-e3d74ebeda0a07,586089.19,city_capital_project_estimated_cost,2021,public,https://arcgis.tampagov.net/arcgis/rest/services/CapitalProjects/CapitalProjects/FeatureServer/0,yes,unknown
amt-27a238520ce49f9e,tpa-37222f224d7341,6095013.83,city_capital_project_estimated_cost,2021,public,https://arcgis.tampagov.net/arcgis/rest/services/CapitalProjects/CapitalProjects/FeatureServer/0,yes,unknown
amt-db6c90f797963c4c,tpa-60fa1e9349c074,575000.00,city_capital_project_estimated_cost,2021,public,https://arcgis.tampagov.net/arcgis/rest/services/CapitalProjects/CapitalProjects/FeatureServer/0,yes,unknown
amt-462682455657e5cb,tpa-2dc74558e17f91,1645831.00,city_capital_project_estimated_cost,2021,public,https://arcgis.tampagov.net/arcgis/rest/services/CapitalProjects/CapitalProjects/FeatureServer/0,yes,unknown
amt-0a92d00bfa2764e2,tpa-a2a4fd28b3d102,2544487.00,city_capital_project_estimated_cost,2021,public,https://arcgis.tampagov.net/arcgis/rest/services/CapitalProjects/CapitalProjects/FeatureServer/0,yes,unknown
amt-76ed28ba773ce333,tpa-a1b0cac407d6e5,56860000.00,city_capital_project_estimated_cost,2021,public,https://arcgis.tampagov.net/arcgis/rest/services/CapitalProjects/CapitalProjects/FeatureServer/0,yes,unknown
amt-d0d5b207fbba31b3,tpa-88a3da2a1a529f,281344.00,city_capital_project_estimated_cost,,public,https://arcgis.tampagov.net/arcgis/rest/services/CapitalProjects/CapitalProjects/FeatureServer/0,yes,unknown
amt-d46e3ab9bd8516ae,tpa-a230454c33a207,3311065.00,city_capital_project_estimated_cost,2021,public,https://arcgis.tampagov.net/arcgis/rest/services/CapitalProjects/CapitalProjects/FeatureServer/0,yes,unknown
amt-659b70a51e0285e9,tpa-a6334c218e962f,400000.00,city_capital_project_estimated_cost,2023,public,https://arcgis.tampagov.net/arcgis/rest/services/CapitalProjects/CapitalProjects/FeatureServer/0,yes,unknown
amt-56b783f412d3ce61,tpa-bc4fffa94f61da,1670096.00,city_capital_project_estimated_cost,,public,https://arcgis.tampagov.net/arcgis/rest/services/CapitalProjects/CapitalProjects/FeatureServer/0,yes,unknown
amt-00c3d36ccddd5132,tpa-55970080e03fd1,9504000.00,city_capital_project_estimated_cost,2025,public,https://arcgis.tampagov.net/arcgis/rest/services/CapitalProjects/CapitalProjects/FeatureServer/0,yes,unknown
amt-2e8a5fc49613e85b,tpa-d7ddd1defd6013,592000.00,city_capital_project_estimated_cost,,public,https://arcgis.tampagov.net/arcgis/rest/services/CapitalProjects/CapitalProjects/FeatureServer/0,yes,unknown
amt-3d29e40e8e2c9b34,tpa-9e533d5d2e7928,3500000.00,city_capital_project_estimated_cost,2024,public,https://arcgis.tampagov.net/arcgis/rest/services/CapitalProjects/CapitalProjects/FeatureServer/0,yes,unknown
amt-e46a6d10ef2efce9,tpa-287723afdc6d7a,6300000.00,city_capital_project_estimated_cost,2021,public,https://arcgis.tampagov.net/arcgis/rest/services/CapitalProjects/CapitalProjects/FeatureServer/0,yes,unknown
amt-611e660a13a3ac99,tpa-77c2f61e91c09c,300000.00,city_capital_project_estimated_cost,,public,https://arcgis.tampagov.net/arcgis/rest/services/CapitalProjects/CapitalProjects/FeatureServer/0,yes,unknown
amt-be0bc69f362ffebc,tpa-9409ac3893adef,3954400.00,city_capital_project_estimated_cost,2021,public,https://arcgis.tampagov.net/arcgis/rest/services/CapitalProjects/CapitalProjects/FeatureServer/0,yes,unknown
amt-8f20034bf565b855,tpa-ee4ec0506c52e7,994620.00,city_capital_project_estimated_cost,2021,public,https://arcgis.tampagov.net/arcgis/rest/services/CapitalProjects/CapitalProjects/FeatureServer/0,yes,unknown
amt-be40d40d09683bfd,tpa-a78f4c57d3248a,2862074.00,city_capital_project_estimated_cost,2023,public,https://arcgis.tampagov.net/arcgis/rest/services/CapitalProjects/CapitalProjects/FeatureServer/0,yes,unknown
amt-56489962ed5525c6,tpa-f8b080678d224d,6035773.00,city_capital_project_estimated_cost,2025,public,https://arcgis.tampagov.net/arcgis/rest/services/CapitalProjects/CapitalProjects/FeatureServer/0,yes,unknown
amt-bd209703c891f754,tpa-52fa8446b8a3cd,4896793.00,city_capital_project_estimated_cost,,public,https://arcgis.tampagov.net/arcgis/rest/services/CapitalProjects/CapitalProjects/FeatureServer/0,yes,unknown
amt-c06ff21b492f57a0,tpa-1b756144998eca,3740451.00,city_capital_project_estimated_cost,,public,https://arcgis.tampagov.net/arcgis/rest/services/CapitalProjects/CapitalProjects/FeatureServer/0,yes,unknown
amt-5fb7fc528b31fa42,tpa-0cb5c8fa34eba7,3382122.00,city_capital_project_estimated_cost,2025,public,https://arcgis.tampagov.net/arcgis/rest/services/CapitalProjects/CapitalProjects/FeatureServer/0,yes,unknown
amt-5594a711f0de2bce,tpa-f51432f4534560,834200.00,city_capital_project_estimated_cost,2023,public,https://arcgis.tampagov.net/arcgis/rest/services/CapitalProjects/CapitalProjects/FeatureServer/0,yes,unknown
amt-746585675eb650f2,tpa-3721380cc923a7,2212900.00,city_capital_project_estimated_cost,,public,https://arcgis.tampagov.net/arcgis/rest/services/CapitalProjects/CapitalProjects/FeatureServer/0,yes,unknown
amt-aea0bf1e3e23989b,tpa-057423477d6ecf,78000.00,city_capital_project_estimated_cost,2026,public,https://arcgis.tampagov.net/arcgis/rest/services/CapitalProjects/CapitalProjects/FeatureServer/0,yes,unknown
amt-c36e83f9584930ce,tpa-9df29b136b10b2,950000.00,city_capital_project_estimated_cost,2025,public,https://arcgis.tampagov.net/arcgis/rest/services/CapitalProjects/CapitalProjects/FeatureServer/0,yes,unknown
amt-f2c5b3e670a01e43,tpa-808aa21dd5c136,1030028.00,city_capital_project_estimated_cost,2025,public,https://arcgis.tampagov.net/arcgis/rest/services/CapitalProjects/CapitalProjects/FeatureServer/0,yes,unknown
amt-7ab7bd6a96f53a8d,tpa-cfa1d97c9d1567,2100000.00,city_capital_project_estimated_cost,2021,public,https://arcgis.tampagov.net/arcgis/rest/services/CapitalProjects/CapitalProjects/FeatureServer/0,yes,unknown
amt-2589243f8b188178,tpa-b4ab7c66d00b4a,425000.00,city_capital_project_estimated_cost,2024,public,https://arcgis.tampagov.net/arcgis/rest/services/CapitalProjects/CapitalProjects/FeatureServer/0,yes,unknown
amt-9086046ff2f16526,tpa-d19a0df1935586,353000.00,city_capital_project_estimated_cost,2025,public,https://arcgis.tampagov.net/arcgis/rest/services/CapitalProjects/CapitalProjects/FeatureServer/0,yes,unknown
amt-9081271f2545e6fe,tpa-d8a0505020d69d,1200000.00,city_capital_project_estimated_cost,2026,public,https://arcgis.tampagov.net/arcgis/rest/services/CapitalProjects/CapitalProjects/FeatureServer/0,yes,unknown
amt-8452c3f9f874db7b,tpa-df2cde3408e1cf,900000.00,city_capital_project_estimated_cost,2026,public,https://arcgis.tampagov.net/arcgis/rest/services/CapitalProjects/CapitalProjects/FeatureServer/0,yes,unknown
amt-e5e01fc72cf039a6,tpa-e3870c38d407de,1500000.00,city_capital_project_estimated_cost,2026,public,https://arcgis.tampagov.net/arcgis/rest/services/CapitalProjects/CapitalProjects/FeatureServer/0,yes,unknown
amt-d124f11349ee2cf9,tpa-e3870c38d407de,1500000.00,city_capital_project_reported_actual_cost,2026,public,https://arcgis.tampagov.net/arcgis/rest/services/CapitalProjects/CapitalProjects/FeatureServer/0,no,unknown
amt-e148c706dfaff24a,tpa-f56607de0ed61e,900000.00,city_capital_project_estimated_cost,2026,public,https://arcgis.tampagov.net/arcgis/rest/services/CapitalProjects/CapitalProjects/FeatureServer/0,yes,unknown
amt-69f144db2b14e0d4,tpa-fcb5e1c46a52dc,1300000.00,city_capital_project_estimated_cost,2024,public,https://arcgis.tampagov.net/arcgis/rest/services/CapitalProjects/CapitalProjects/FeatureServer/0,yes,unknown
amt-f14dcaafeb4d8d83,tpa-129823eaeec944,292344.18,city_capital_project_estimated_cost,2021,public,https://arcgis.tampagov.net/arcgis/rest/services/CapitalProjects/CityWideProjectsPublic/FeatureServer/0,yes,unknown
amt-fbe05308d391a233,tpa-60a5c6d9e777d0,500000.00,city_capital_project_estimated_cost,2021,public,https://arcgis.tampagov.net/arcgis/rest/services/CapitalProjects/CityWideProjectsPublic/FeatureServer/0,yes,unknown
amt-4b6d2b5a3dbb1e3e,tpa-ce80fa4571c44b,300000.00,city_capital_project_estimated_cost,2023,public,https://arcgis.tampagov.net/arcgis/rest/services/CapitalProjects/CityWideProjectsPublic/FeatureServer/0,yes,unknown
amt-86ceacd39de85300,tpa-ce80fa4571c44b,300000.00,city_capital_project_reported_actual_cost,2023,public,https://arcgis.tampagov.net/arcgis/rest/services/CapitalProjects/CityWideProjectsPublic/FeatureServer/0,no,unknown
amt-548c2c5169b9c0f9,tpa-d3f118a3b1c724,1081564.00,city_capital_project_estimated_cost,2024,public,https://arcgis.tampagov.net/arcgis/rest/services/CapitalProjects/CityWideProjectsPublic/FeatureServer/0,yes,unknown
amt-4ae5cb5b29f0cb35,tpa-86d3ed603df1e9,84810.56,city_capital_project_estimated_cost,2025,public,https://arcgis.tampagov.net/arcgis/rest/services/CapitalProjects/CapitalProjects/FeatureServer/0,yes,unknown
amt-a23b1c7a024004a0,tpa-86d3ed603df1e9,84810.56,city_capital_project_reported_actual_cost,2025,public,https://arcgis.tampagov.net/arcgis/rest/services/CapitalProjects/CapitalProjects/FeatureServer/0,no,unknown
amt-d80880311d49fbcb,tpa-14c09ed66d91b5,85000.00,city_capital_project_estimated_cost,2021,public,https://arcgis.tampagov.net/arcgis/rest/services/CapitalProjects/CityWideProjectsPublic/FeatureServer/1,yes,unknown
amt-4a7221d5f909a036,tpa-a5f28570fd23b1,500000.00,city_capital_project_estimated_cost,2021,public,https://arcgis.tampagov.net/arcgis/rest/services/CapitalProjects/CityWideProjectsPublic/FeatureServer/1,yes,unknown
amt-bfd0624890195f5a,tpa-2c6a5402a237c7,392000.00,city_capital_project_estimated_cost,2021,public,https://arcgis.tampagov.net/arcgis/rest/services/CapitalProjects/CityWideProjectsPublic/FeatureServer/1,yes,unknown
amt-6997bb3acfb8470c,tpa-f9767a9e60742a,1645831.00,city_capital_project_estimated_cost,2021,public,https://arcgis.tampagov.net/arcgis/rest/services/CapitalProjects/CityWideProjectsPublic/FeatureServer/1,yes,unknown
amt-f2d23a6ddf3e1cad,tpa-f9767a9e60742a,1645831.00,city_capital_project_reported_actual_cost,2021,public,https://arcgis.tampagov.net/arcgis/rest/services/CapitalProjects/CityWideProjectsPublic/FeatureServer/1,no,unknown
amt-8a384c063198af86,tpa-6c7fad2193a1ef,1302470.00,city_capital_project_estimated_cost,2021,public,https://arcgis.tampagov.net/arcgis/rest/services/CapitalProjects/CityWideProjectsPublic/FeatureServer/1,yes,unknown
amt-e50dd6151620bd04,tpa-6c7fad2193a1ef,2544487.00,city_capital_project_reported_actual_cost,2021,public,https://arcgis.tampagov.net/arcgis/rest/services/CapitalProjects/CityWideProjectsPublic/FeatureServer/1,no,unknown
amt-d7bb09d276b5f824,tpa-c794ce8bbe5cd2,235000000.00,city_capital_project_estimated_cost,2021,public,https://arcgis.tampagov.net/arcgis/rest/services/CapitalProjects/CapitalProjects/FeatureServer/0,yes,unknown
amt-b007fef1ec8a149c,tpa-0006d945e2fdb6,1900000.00,city_capital_project_estimated_cost,2021,public,https://arcgis.tampagov.net/arcgis/rest/services/CapitalProjects/CityWideProjectsPublic/FeatureServer/1,yes,unknown
amt-40c02d62f29cb2c0,tpa-bf4daf624fdbb7,4900000.00,city_capital_project_estimated_cost,2021,public,https://arcgis.tampagov.net/arcgis/rest/services/CapitalProjects/CityWideProjectsPublic/FeatureServer/1,yes,unknown
amt-2ab9883eb1596bb8,tpa-5bb15542bb9d82,1346000.00,city_capital_project_estimated_cost,2021,public,https://arcgis.tampagov.net/arcgis/rest/services/CapitalProjects/CityWideProjectsPublic/FeatureServer/1,yes,unknown
amt-296fca9d9a10ff44,tpa-276e29cc0bfd56,9930000.00,city_capital_project_estimated_cost,2022,public,https://arcgis.tampagov.net/arcgis/rest/services/CapitalProjects/CapitalProjects/FeatureServer/0,yes,unknown
amt-c45f626d2f6b1564,tpa-503e397e74a47a,281344.00,city_capital_project_estimated_cost,2023,public,https://arcgis.tampagov.net/arcgis/rest/services/CapitalProjects/CityWideProjectsPublic/FeatureServer/1,yes,unknown
amt-b46dad1b6d67c887,tpa-6eb50cb55787ac,2450005.00,city_capital_project_estimated_cost,2023,public,https://arcgis.tampagov.net/arcgis/rest/services/CapitalProjects/CityWideProjectsPublic/FeatureServer/1,yes,unknown
amt-198c30f631af7ba2,tpa-59e6809d0f658f,1029250.00,city_capital_project_estimated_cost,2023,public,https://arcgis.tampagov.net/arcgis/rest/services/CapitalProjects/CityWideProjectsPublic/FeatureServer/1,yes,unknown
amt-ab3395f33dd1ff03,tpa-90a5446f3cdb57,5700000.00,city_capital_project_estimated_cost,2024,public,https://arcgis.tampagov.net/arcgis/rest/services/CapitalProjects/CityWideProjectsPublic/FeatureServer/1,yes,unknown
amt-5f32014125ce2aca,tpa-90a5446f3cdb57,3334945.60,city_capital_project_reported_actual_cost,2024,public,https://arcgis.tampagov.net/arcgis/rest/services/CapitalProjects/CityWideProjectsPublic/FeatureServer/1,no,unknown
amt-bb2f1dfbfedcf878,tpa-10719fa88c8a1d,72000.00,city_capital_project_estimated_cost,2025,public,https://arcgis.tampagov.net/arcgis/rest/services/CapitalProjects/CapitalProjects/FeatureServer/0,yes,unknown
amt-edd23f9e806d51d0,tpa-2695ad6313af38,158342.75,city_capital_project_estimated_cost,2025,public,https://arcgis.tampagov.net/arcgis/rest/services/CapitalProjects/CapitalProjects/FeatureServer/0,yes,unknown
amt-1262939c3e641521,tpa-06cb3a9a352b94,1670096.00,city_capital_project_estimated_cost,2025,public,https://arcgis.tampagov.net/arcgis/rest/services/CapitalProjects/CityWideProjectsPublic/FeatureServer/1,yes,unknown
amt-6d812b4dd0dd889e,tpa-64dee70099c8c5,4896793.00,city_capital_project_estimated_cost,2025,public,https://arcgis.tampagov.net/arcgis/rest/services/CapitalProjects/CityWideProjectsPublic/FeatureServer/1,yes,unknown
amt-b33f8a59e33803aa,tpa-28a7af3a4fd198,24467804.00,city_capital_project_estimated_cost,2025,public,https://arcgis.tampagov.net/arcgis/rest/services/CapitalProjects/CapitalProjects/FeatureServer/0,yes,unknown
amt-764171c4b05ed758,tpa-7cd06363a5db6f,2658326.00,city_capital_project_estimated_cost,2025,public,https://arcgis.tampagov.net/arcgis/rest/services/CapitalProjects/CityWideProjectsPublic/FeatureServer/1,yes,unknown
amt-a3223761abcb543f,tpa-96076613355650,3740451.00,city_capital_project_estimated_cost,2025,public,https://arcgis.tampagov.net/arcgis/rest/services/CapitalProjects/CityWideProjectsPublic/FeatureServer/1,yes,unknown
amt-bf6ade8d614d9f36,tpa-5f7dc2b0ca5dc5,2212900.00,city_capital_project_estimated_cost,2025,public,https://arcgis.tampagov.net/arcgis/rest/services/CapitalProjects/CityWideProjectsPublic/FeatureServer/1,yes,unknown
amt-063fdac3b413e343,tpa-fc86c7cfc5c559,5500000.00,city_capital_project_estimated_cost,2023,public,https://arcgis.tampagov.net/arcgis/rest/services/CapitalProjects/CityWideProjectsPublic/FeatureServer/0,yes,unknown
amt-89ee3ac31683ab73,tpa-1ac7e670f05956,1566000.00,city_capital_project_estimated_cost,2023,public,https://arcgis.tampagov.net/arcgis/rest/services/CapitalProjects/CityWideProjectsPublic/FeatureServer/0,yes,unknown
amt-7fa0c7368a318f86,tpa-9cb920953f4186,1322592.00,city_capital_project_estimated_cost,2023,public,https://arcgis.tampagov.net/arcgis/rest/services/CapitalProjects/CityWideProjectsPublic/FeatureServer/0,yes,unknown
amt-0a971511b97f31cf,tpa-5f55eb57724be4,1093671.00,city_capital_project_estimated_cost,2023,public,https://arcgis.tampagov.net/arcgis/rest/services/CapitalProjects/CityWideProjectsPublic/FeatureServer/0,yes,unknown
amt-5a6eb63bb0726432,tpa-ec41bac2a6959e,1046500.00,city_capital_project_estimated_cost,2021,public,https://arcgis.tampagov.net/arcgis/rest/services/CapitalProjects/CapitalProjects/FeatureServer/0,yes,unknown
amt-352878f1fe546b35,tpa-9c191dfc408eda,6400000.00,city_capital_project_estimated_cost,2021,public,https://arcgis.tampagov.net/arcgis/rest/services/CapitalProjects/CapitalProjects/FeatureServer/0,yes,unknown
amt-d81aa6ca5c9fc891,tpa-024c352566fd89,447000.00,city_capital_project_estimated_cost,2023,public,https://arcgis.tampagov.net/arcgis/rest/services/CapitalProjects/CityWideProjectsPublic/FeatureServer/0,yes,unknown
amt-62523122da12ce8a,tpa-446b264792bc1b,6068935.00,city_capital_project_estimated_cost,2026,public,https://arcgis.tampagov.net/arcgis/rest/services/CapitalProjects/CapitalProjects/FeatureServer/0,yes,unknown
amt-3afd26b1785871a1,tpa-634ca4ba0d397a,19700000.00,city_capital_project_estimated_cost,2021,public,https://arcgis.tampagov.net/arcgis/rest/services/CapitalProjects/CapitalProjects/FeatureServer/0,yes,unknown
amt-3aa4dedd548a43e4,tpa-ba388df23956a8,19700000.00,city_capital_project_estimated_cost,2023,public,https://arcgis.tampagov.net/arcgis/rest/services/CapitalProjects/CityWideProjectsPublic/FeatureServer/0,yes,unknown
amt-2217a5576e4a24df,tpa-6136a0a53ba2c2,225000.00,city_capital_project_estimated_cost,2023,public,https://arcgis.tampagov.net/arcgis/rest/services/CapitalProjects/CityWideProjectsPublic/FeatureServer/0,yes,unknown
amt-fd3dfed18f283dd8,tpa-8b2aad4d0c7226,225000.00,city_capital_project_estimated_cost,2023,public,https://arcgis.tampagov.net/arcgis/rest/services/CapitalProjects/CityWideProjectsPublic/FeatureServer/0,yes,unknown
amt-acb248d067d3c3d8,tpa-4fd434413182cc,1200000.00,city_capital_project_estimated_cost,2023,public,https://arcgis.tampagov.net/arcgis/rest/services/CapitalProjects/CityWideProjectsPublic/FeatureServer/0,yes,unknown
amt-9b9e04a763298ce6,tpa-82b9a79b60113f,1200000.00,city_capital_project_estimated_cost,2023,public,https://arcgis.tampagov.net/arcgis/rest/services/CapitalProjects/CityWideProjectsPublic/FeatureServer/0,yes,unknown
amt-2def52993d3e00c9,tpa-aa75cdf7422756,225000.00,city_capital_project_estimated_cost,2023,public,https://arcgis.tampagov.net/arcgis/rest/services/CapitalProjects/CityWideProjectsPublic/FeatureServer/0,yes,unknown
amt-cbbd1648a8a56fba,tpa-b3441febb19f80,1200000.00,city_capital_project_estimated_cost,2023,public,https://arcgis.tampagov.net/arcgis/rest/services/CapitalProjects/CapitalProjects/FeatureServer/0,yes,unknown
amt-e9ae3196f4e31b8e,tpa-7113f1875895d2,1480000.00,city_capital_project_estimated_cost,2023,public,https://arcgis.tampagov.net/arcgis/rest/services/CapitalProjects/CapitalProjects/FeatureServer/0,yes,unknown
amt-e6e62b1d2f3955f6,tpa-cf1ef08b74d9bf,1260000.00,city_capital_project_estimated_cost,2023,public,https://arcgis.tampagov.net/arcgis/rest/services/CapitalProjects/CapitalProjects/FeatureServer/0,yes,unknown
amt-aa40bb2ac3be0e6a,tpa-2d2d1c36584495,1320000.00,city_capital_project_estimated_cost,2023,public,https://arcgis.tampagov.net/arcgis/rest/services/CapitalProjects/CapitalProjects/FeatureServer/0,yes,unknown
amt-6eaf4f97fda0a093,tpa-06228d1f4d0792,1150000.00,city_capital_project_estimated_cost,2023,public,https://arcgis.tampagov.net/arcgis/rest/services/CapitalProjects/CapitalProjects/FeatureServer/0,yes,unknown
amt-e4ae281cd06c5d85,tpa-cd135e5d912828,2140000.00,city_capital_project_estimated_cost,2023,public,https://arcgis.tampagov.net/arcgis/rest/services/CapitalProjects/CapitalProjects/FeatureServer/0,yes,unknown
amt-7a84c82ee6b72bc4,tpa-5b6b366122c269,1460000.00,city_capital_project_estimated_cost,2023,public,https://arcgis.tampagov.net/arcgis/rest/services/CapitalProjects/CapitalProjects/FeatureServer/0,yes,unknown
amt-51987683833924f7,tpa-c9ddc7b04853de,1130005.00,city_capital_project_estimated_cost,2023,public,https://arcgis.tampagov.net/arcgis/rest/services/CapitalProjects/CapitalProjects/FeatureServer/0,yes,unknown
amt-85fd8a4fa0340839,tpa-eda1b7ede907aa,2167000.00,city_capital_project_estimated_cost,2023,public,https://arcgis.tampagov.net/arcgis/rest/services/CapitalProjects/CapitalProjects/FeatureServer/0,yes,unknown
amt-6e64fe6b45481d6a,tpa-d86cfc8d539121,1200000.00,city_capital_project_estimated_cost,2023,public,https://arcgis.tampagov.net/arcgis/rest/services/CapitalProjects/CapitalProjects/FeatureServer/0,yes,unknown
amt-6ebf47dd9bcee797,tpa-c44a24d11ff57d,225000.00,city_capital_project_estimated_cost,2023,public,https://arcgis.tampagov.net/arcgis/rest/services/CapitalProjects/CityWideProjectsPublic/FeatureServer/0,yes,unknown
amt-3e96e571f1cbcd19,tpa-4357f4b097eefd,225000.00,city_capital_project_estimated_cost,2023,public,https://arcgis.tampagov.net/arcgis/rest/services/CapitalProjects/CityWideProjectsPublic/FeatureServer/0,yes,unknown
amt-2c137621735f2e27,tpa-9e8aacbaee1dd4,29170864.00,city_capital_project_estimated_cost,2023,public,https://arcgis.tampagov.net/arcgis/rest/services/CapitalProjects/CityWideProjectsPublic/FeatureServer/0,yes,unknown
amt-800cfb1f2fccdc2a,tpa-ea72c3fa51da76,77604828.00,city_capital_project_estimated_cost,,public,https://arcgis.tampagov.net/arcgis/rest/services/CapitalProjects/CapitalProjects/FeatureServer/0,yes,unknown
amt-9c8f6319e0fd92dc,tpa-a4b6540c53b52d,115000000.00,city_capital_project_estimated_cost,,public,https://arcgis.tampagov.net/arcgis/rest/services/CapitalProjects/CapitalProjects/FeatureServer/0,yes,unknown
amt-f02d8f7e607e637c,tpa-4e0ddf4111d797,31750000.00,city_capital_project_estimated_cost,2023,public,https://arcgis.tampagov.net/arcgis/rest/services/CapitalProjects/CapitalProjects/FeatureServer/0,yes,unknown
amt-ab4f8c53be02ab86,tpa-5094836b257f3e,3350000.00,city_capital_project_estimated_cost,2023,public,https://arcgis.tampagov.net/arcgis/rest/services/CapitalProjects/CityWideProjectsPublic/FeatureServer/0,yes,unknown
amt-5e1a66e507f2e7b2,tpa-353afe88aec810,250000.00,city_capital_project_estimated_cost,2023,public,https://arcgis.tampagov.net/arcgis/rest/services/CapitalProjects/CapitalProjects/FeatureServer/0,yes,unknown
amt-dbd87feb1055f155,tpa-66231479024c2c,1600000.00,city_capital_project_estimated_cost,2021,public,https://arcgis.tampagov.net/arcgis/rest/services/CapitalProjects/CapitalProjects/FeatureServer/0,yes,unknown
amt-d1e2dc60aaa31c6f,tpa-7d1dc09d430e76,1382767.00,city_capital_project_estimated_cost,2023,public,https://arcgis.tampagov.net/arcgis/rest/services/CapitalProjects/CapitalProjects/FeatureServer/0,yes,unknown
amt-24a866ffe72d2b93,tpa-50626600fc391a,120000.00,city_capital_project_estimated_cost,2022,public,https://arcgis.tampagov.net/arcgis/rest/services/CapitalProjects/CityWideProjectsPublic/FeatureServer/1,yes,unknown
amt-461ae57040c22f21,tpa-08c3d9bfa91b42,600000.00,city_capital_project_estimated_cost,2023,public,https://arcgis.tampagov.net/arcgis/rest/services/CapitalProjects/CapitalProjects/FeatureServer/0,yes,unknown
amt-e30f207f215badae,tpa-2d56f56a338d90,2201000.00,city_capital_project_estimated_cost,2021,public,https://arcgis.tampagov.net/arcgis/rest/services/CapitalProjects/CapitalProjects/FeatureServer/0,yes,unknown
amt-8f098bb68730fcdd,tpa-171058db0c4c5c,3089233.00,city_capital_project_estimated_cost,2021,public,https://arcgis.tampagov.net/arcgis/rest/services/CapitalProjects/CapitalProjects/FeatureServer/0,yes,unknown
amt-720f2ac497a4923b,tpa-3c9b63cd8b2149,1000000.00,city_capital_project_estimated_cost,2023,public,https://arcgis.tampagov.net/arcgis/rest/services/CapitalProjects/CapitalProjects/FeatureServer/0,yes,unknown
amt-eeda25a32422c320,tpa-86241ed55967c4,1801300.00,city_capital_project_estimated_cost,2021,public,https://arcgis.tampagov.net/arcgis/rest/services/CapitalProjects/CapitalProjects/FeatureServer/0,yes,unknown
amt-1d48dfaaabedf891,tpa-d92cfb89eb2d56,1801300.00,city_capital_project_estimated_cost,2021,public,https://arcgis.tampagov.net/arcgis/rest/services/CapitalProjects/CapitalProjects/FeatureServer/0,yes,unknown
amt-dddc3ca2fdb1ca18,tpa-39b93d46a11269,1801300.00,city_capital_project_estimated_cost,2023,public,https://arcgis.tampagov.net/arcgis/rest/services/CapitalProjects/CityWideProjectsPublic/FeatureServer/0,yes,unknown
amt-6faacdcdd56113a8,tpa-6b6a6e319bc8a7,650500.00,city_capital_project_estimated_cost,2024,public,https://arcgis.tampagov.net/arcgis/rest/services/CapitalProjects/CapitalProjects/FeatureServer/0,yes,unknown
amt-05bb1e9416b82a97,tpa-d1d7711eb2fdf9,776000.00,city_capital_project_estimated_cost,2025,public,https://arcgis.tampagov.net/arcgis/rest/services/CapitalProjects/CapitalProjects/FeatureServer/0,yes,unknown
amt-6bc6caefa750e02d,tpa-010abcff64992e,101000.00,city_capital_project_estimated_cost,2024,public,https://arcgis.tampagov.net/arcgis/rest/services/CapitalProjects/CityWideProjectsPublic/FeatureServer/1,yes,unknown
amt-589e893500f9e3df,tpa-f4bf3749f0bc89,101000.00,city_capital_project_estimated_cost,,public,https://arcgis.tampagov.net/arcgis/rest/services/CapitalProjects/CapitalProjects/FeatureServer/0,yes,unknown
amt-02d031e3c7974318,tpa-0e542856d02973,190800.00,city_capital_project_estimated_cost,2025,public,https://arcgis.tampagov.net/arcgis/rest/services/CapitalProjects/CapitalProjects/FeatureServer/0,yes,unknown
amt-344e78a191119603,tpa-1d4651d0b0d880,116600.00,city_capital_project_estimated_cost,2025,public,https://arcgis.tampagov.net/arcgis/rest/services/CapitalProjects/CapitalProjects/FeatureServer/0,yes,unknown
amt-0c40faa54c32a8cc,tpa-aa89455ae92488,500000.00,city_capital_project_estimated_cost,2024,public,https://arcgis.tampagov.net/arcgis/rest/services/CapitalProjects/CapitalProjects/FeatureServer/0,yes,unknown
amt-75cddb54efbe4b1c,tpa-ab88120e4e2cf5,375000.00,city_capital_project_estimated_cost,2025,public,https://arcgis.tampagov.net/arcgis/rest/services/CapitalProjects/CapitalProjects/FeatureServer/0,yes,unknown
amt-753cade3545ebd92,tpa-b2ff57e165748b,180000.00,city_capital_project_estimated_cost,2025,public,https://arcgis.tampagov.net/arcgis/rest/services/CapitalProjects/CapitalProjects/FeatureServer/0,yes,unknown
amt-1843c85ad6861340,tpa-c9f2fb736272f6,151200.00,city_capital_project_estimated_cost,2025,public,https://arcgis.tampagov.net/arcgis/rest/services/CapitalProjects/CapitalProjects/FeatureServer/0,yes,unknown
amt-cb0f68b2d74bb299,tpa-de3734e9f296af,156000.00,city_capital_project_estimated_cost,2024,public,https://arcgis.tampagov.net/arcgis/rest/services/CapitalProjects/CapitalProjects/FeatureServer/0,yes,unknown
amt-151586d23bc7fde1,tpa-e8eb05f64083fb,64000.00,city_capital_project_estimated_cost,2025,public,https://arcgis.tampagov.net/arcgis/rest/services/CapitalProjects/CapitalProjects/FeatureServer/0,yes,unknown
amt-e6b56cc9e5478ff4,tpa-039a75ed644bd4,2000000.00,city_capital_project_estimated_cost,2023,public,https://arcgis.tampagov.net/arcgis/rest/services/CapitalProjects/CityWideProjectsPublic/FeatureServer/0,yes,unknown
amt-3f814af49cdfd5cb,tpa-a8886e3a8ac0a2,2200000.00,city_capital_project_estimated_cost,2023,public,https://arcgis.tampagov.net/arcgis/rest/services/CapitalProjects/CapitalProjects/FeatureServer/0,yes,unknown
amt-79138226b951afc5,tpa-664cf8ba630bcc,2500000.00,city_capital_project_estimated_cost,2022,public,https://arcgis.tampagov.net/arcgis/rest/services/CapitalProjects/CapitalProjects/FeatureServer/0,yes,unknown
amt-d936fc6fcc4dbc1c,tpa-d3ca81ecd3bf22,7970000.00,city_capital_project_estimated_cost,2026,public,https://arcgis.tampagov.net/arcgis/rest/services/CapitalProjects/CapitalProjects/FeatureServer/0,yes,unknown
amt-923eb4c935cd8a41,tpa-89828e522644fb,6898000.00,city_capital_project_estimated_cost,2026,public,https://arcgis.tampagov.net/arcgis/rest/services/CapitalProjects/CapitalProjects/FeatureServer/0,yes,unknown
amt-fb8b89ec23960963,tpa-224cc398cbea00,1500000.00,city_capital_project_estimated_cost,2026,public,https://arcgis.tampagov.net/arcgis/rest/services/CapitalProjects/CapitalProjects/FeatureServer/0,yes,unknown
amt-20f67d5356ecc556,tpa-8a98b00f6eebee,1750000.00,city_capital_project_estimated_cost,2023,public,https://arcgis.tampagov.net/arcgis/rest/services/CapitalProjects/CityWideProjectsPublic/FeatureServer/0,yes,unknown
amt-39edd7b196b6fd38,tpa-c16d6435499fba,5000000.00,city_capital_project_estimated_cost,2021,public,https://arcgis.tampagov.net/arcgis/rest/services/CapitalProjects/CapitalProjects/FeatureServer/0,yes,unknown
amt-80ee32b89084f63b,tpa-fcd1f5f70bf6dd,5893216.60,city_capital_project_estimated_cost,2021,public,https://arcgis.tampagov.net/arcgis/rest/services/CapitalProjects/CapitalProjects/FeatureServer/0,yes,unknown
amt-d9e50a34794232eb,tpa-9a365e0ded7d49,258379.77,city_capital_project_estimated_cost,2021,public,https://arcgis.tampagov.net/arcgis/rest/services/CapitalProjects/CityWideProjectsPublic/FeatureServer/1,yes,unknown
amt-25da6d78de0c43a2,tpa-c658a3cc1fc9b2,8684016.72,city_capital_project_estimated_cost,2026,public,https://arcgis.tampagov.net/arcgis/rest/services/CapitalProjects/CityWideProjectsPublic/FeatureServer/1,yes,unknown
amt-5acbc3f2ebd13064,tpa-2ebcfc1e77ead8,5425104.97,city_capital_project_estimated_cost,2026,public,https://arcgis.tampagov.net/arcgis/rest/services/CapitalProjects/CityWideProjectsPublic/FeatureServer/1,yes,unknown
amt-0c4bb61ae933fddf,tpa-7948b0b2ec74d1,11061659.49,city_capital_project_estimated_cost,2026,public,https://arcgis.tampagov.net/arcgis/rest/services/CapitalProjects/CityWideProjectsPublic/FeatureServer/1,yes,unknown
amt-87b1208d577d2c8b,tpa-7864f9b3d1cf9b,3708800.84,city_capital_project_estimated_cost,2026,public,https://arcgis.tampagov.net/arcgis/rest/services/CapitalProjects/CityWideProjectsPublic/FeatureServer/1,yes,unknown
amt-adba8643d3cf53fc,tpa-76fb4f536f6530,5332950.94,city_capital_project_estimated_cost,2026,public,https://arcgis.tampagov.net/arcgis/rest/services/CapitalProjects/CityWideProjectsPublic/FeatureServer/1,yes,unknown
amt-a1b8e68e8f2c86de,tpa-bebd114ca3a098,41057978.00,city_capital_project_estimated_cost,2020,public,https://arcgis.tampagov.net/arcgis/rest/services/CapitalProjects/CapitalProjects/FeatureServer/0,yes,unknown
amt-38dcc97b53b71258,tpa-de7c2c537cb666,79630219.00,city_capital_project_estimated_cost,2021,public,https://arcgis.tampagov.net/arcgis/rest/services/CapitalProjects/CityWideProjectsPublic/FeatureServer/0,yes,unknown
amt-dc1de97c7e52072a,tpa-0519a7643e6f57,65985127.00,city_capital_project_estimated_cost,2021,public,https://arcgis.tampagov.net/arcgis/rest/services/CapitalProjects/CapitalProjects/FeatureServer/0,yes,unknown
amt-e14b0c3dbd82b264,tpa-602f4535586997,8688167.00,city_capital_project_estimated_cost,2026,public,https://arcgis.tampagov.net/arcgis/rest/services/CapitalProjects/CityWideProjectsPublic/FeatureServer/1,yes,unknown
amt-1bedef6e319fc862,tpa-ac008776d34431,1190000.00,city_capital_project_estimated_cost,2021,public,https://arcgis.tampagov.net/arcgis/rest/services/CapitalProjects/CityWideProjectsPublic/FeatureServer/0,yes,unknown
amt-d4b9fd0dd860afb1,tpa-3637a9cfa2287a,57700738.00,city_capital_project_estimated_cost,2021,public,https://arcgis.tampagov.net/arcgis/rest/services/CapitalProjects/CapitalProjects/FeatureServer/0,yes,unknown
amt-ad4ed5ac63c97445,tpa-3ec359f44a049e,52935137.00,city_capital_project_estimated_cost,2021,public,https://arcgis.tampagov.net/arcgis/rest/services/CapitalProjects/CapitalProjects/FeatureServer/0,yes,unknown
amt-921975a0bd9ea5ae,tpa-b58c22dbdb5b41,119121495.00,city_capital_project_estimated_cost,2021,public,https://arcgis.tampagov.net/arcgis/rest/services/CapitalProjects/CapitalProjects/FeatureServer/0,yes,unknown
amt-320f610131665c0d,tpa-d235d27a93974b,57706.00,city_capital_project_estimated_cost,2021,public,https://arcgis.tampagov.net/arcgis/rest/services/CapitalProjects/CapitalProjects/FeatureServer/0,yes,unknown
amt-640f694ec790da6d,tpa-758c4530ef19a7,73814773.00,city_capital_project_estimated_cost,2021,public,https://arcgis.tampagov.net/arcgis/rest/services/CapitalProjects/CapitalProjects/FeatureServer/0,yes,unknown
amt-9d162e61fad0bdc8,tpa-31ac882cfd51ab,5454315.43,city_capital_project_estimated_cost,2021,public,https://arcgis.tampagov.net/arcgis/rest/services/CapitalProjects/CityWideProjectsPublic/FeatureServer/1,yes,unknown
amt-efd51859b9bdf6a6,tpa-e67b1d76ad5ab1,8677855.56,city_capital_project_estimated_cost,2021,public,https://arcgis.tampagov.net/arcgis/rest/services/CapitalProjects/CityWideProjectsPublic/FeatureServer/1,yes,unknown
amt-79f75643bdbc2348,tpa-0757d2714b69f8,9594286.67,city_capital_project_estimated_cost,2020,public,https://arcgis.tampagov.net/arcgis/rest/services/CapitalProjects/CapitalProjects/FeatureServer/0,yes,unknown
amt-f625f8c34cefb7e4,tpa-c5747c295728cb,9594286.67,city_capital_project_estimated_cost,2026,public,https://arcgis.tampagov.net/arcgis/rest/services/CapitalProjects/CityWideProjectsPublic/FeatureServer/1,yes,unknown
amt-0e58bec94388a6f0,tpa-ea487783c2cd04,7124488.05,city_capital_project_estimated_cost,2020,public,https://arcgis.tampagov.net/arcgis/rest/services/CapitalProjects/CapitalProjects/FeatureServer/0,yes,unknown
amt-88df97870c4ed86f,tpa-5edb74c5732c81,5012756.00,city_capital_project_estimated_cost,2026,public,https://arcgis.tampagov.net/arcgis/rest/services/CapitalProjects/CityWideProjectsPublic/FeatureServer/1,yes,unknown
amt-86abe973adffb6ec,tpa-18140cc0c8929a,5596767.00,city_capital_project_estimated_cost,2021,public,https://arcgis.tampagov.net/arcgis/rest/services/CapitalProjects/CapitalProjects/FeatureServer/0,yes,unknown
amt-e0079024cea769dc,tpa-5fef9ad1d2fa7a,5596464.00,city_capital_project_estimated_cost,2026,public,https://arcgis.tampagov.net/arcgis/rest/services/CapitalProjects/CityWideProjectsPublic/FeatureServer/1,yes,unknown
amt-688aa773f2f50373,tpa-9ca0598cb43d43,8053583.41,city_capital_project_estimated_cost,2021,public,https://arcgis.tampagov.net/arcgis/rest/services/CapitalProjects/CapitalProjects/FeatureServer/0,yes,unknown
amt-8ef265b4ea4b092d,tpa-a16226972256e9,7827102.00,city_capital_project_estimated_cost,2026,public,https://arcgis.tampagov.net/arcgis/rest/services/CapitalProjects/CityWideProjectsPublic/FeatureServer/1,yes,unknown
amt-41ccfc259f630f75,tpa-2b1064aff1ae34,4912885.00,city_capital_project_estimated_cost,2021,public,https://arcgis.tampagov.net/arcgis/rest/services/CapitalProjects/CapitalProjects/FeatureServer/0,yes,unknown
amt-7d960465bf7f776d,tpa-4c3987bb085709,4912885.00,city_capital_project_estimated_cost,,public,https://arcgis.tampagov.net/arcgis/rest/services/CapitalProjects/CityWideProjectsPublic/FeatureServer/1,yes,unknown
amt-a775c6df9a61ba66,tpa-72ec8daae55334,7453750.73,city_capital_project_estimated_cost,2026,public,https://arcgis.tampagov.net/arcgis/rest/services/CapitalProjects/CityWideProjectsPublic/FeatureServer/1,yes,unknown
amt-65acd4176fb3a34b,tpa-30d21feab70465,15675175.00,city_capital_project_estimated_cost,2020,public,https://arcgis.tampagov.net/arcgis/rest/services/CapitalProjects/CapitalProjects/FeatureServer/0,yes,unknown
amt-8b18267b895547ef,tpa-098cbcedd446c3,8709704.34,city_capital_project_estimated_cost,2020,public,https://arcgis.tampagov.net/arcgis/rest/services/CapitalProjects/CapitalProjects/FeatureServer/0,yes,unknown
amt-dcc2794e83a9f292,tpa-530b9cd940a340,3975099.00,city_capital_project_estimated_cost,2021,public,https://arcgis.tampagov.net/arcgis/rest/services/CapitalProjects/CapitalProjects/FeatureServer/0,yes,unknown
amt-064922b99170afd0,tpa-77d281688e839d,1156019.80,city_capital_project_estimated_cost,2021,public,https://arcgis.tampagov.net/arcgis/rest/services/CapitalProjects/CapitalProjects/FeatureServer/0,yes,unknown
amt-cfaffc944490d88a,tpa-d1773208bf209c,2557136.76,city_capital_project_estimated_cost,2021,public,https://arcgis.tampagov.net/arcgis/rest/services/CapitalProjects/CapitalProjects/FeatureServer/0,yes,unknown
amt-8cbd82d457402603,tpa-c2d811955a60f6,12609566.75,city_capital_project_estimated_cost,2022,public,https://arcgis.tampagov.net/arcgis/rest/services/CapitalProjects/CapitalProjects/FeatureServer/0,yes,unknown
amt-ced9e5abe900ed68,tpa-99347a82db3efc,4969604.29,city_capital_project_estimated_cost,2022,public,https://arcgis.tampagov.net/arcgis/rest/services/CapitalProjects/CapitalProjects/FeatureServer/0,yes,unknown
amt-16f95a3f4896522d,tpa-863274665dec07,1121350.22,city_capital_project_estimated_cost,,public,https://arcgis.tampagov.net/arcgis/rest/services/CapitalProjects/CapitalProjects/FeatureServer/0,yes,unknown
amt-08549c297a6c5b6e,tpa-0db9b0ea2daa64,2235599.00,city_capital_project_estimated_cost,2026,public,https://arcgis.tampagov.net/arcgis/rest/services/CapitalProjects/CapitalProjects/FeatureServer/0,yes,unknown
amt-89a6d5df28a15f11,tpa-06cf2dffdb4440,3435469.56,city_capital_project_estimated_cost,,public,https://arcgis.tampagov.net/arcgis/rest/services/CapitalProjects/CapitalProjects/FeatureServer/0,yes,unknown
amt-024389bb261a0496,tpa-b337e9926098ab,3499580.93,city_capital_project_estimated_cost,,public,https://arcgis.tampagov.net/arcgis/rest/services/CapitalProjects/CapitalProjects/FeatureServer/0,yes,unknown
amt-570f1ab64dbbf580,tpa-bd13932492bdfe,9154599.74,city_capital_project_estimated_cost,,public,https://arcgis.tampagov.net/arcgis/rest/services/CapitalProjects/CapitalProjects/FeatureServer/0,yes,unknown
amt-e01c70981d4b8380,tpa-0ad909da2ce40b,2432989.55,city_capital_project_estimated_cost,,public,https://arcgis.tampagov.net/arcgis/rest/services/CapitalProjects/CapitalProjects/FeatureServer/0,yes,unknown
amt-c9df64a7e2922cf2,tpa-377970771c9316,6312515.25,city_capital_project_estimated_cost,,public,https://arcgis.tampagov.net/arcgis/rest/services/CapitalProjects/CapitalProjects/FeatureServer/0,yes,unknown
amt-2b56570bba26e152,tpa-4b41720cf754c6,6603637.59,city_capital_project_estimated_cost,,public,https://arcgis.tampagov.net/arcgis/rest/services/CapitalProjects/CapitalProjects/FeatureServer/0,yes,unknown
amt-cdb1978c7a2ab131,tpa-4334e855629a9e,288684.81,city_capital_project_estimated_cost,,public,https://arcgis.tampagov.net/arcgis/rest/services/CapitalProjects/CapitalProjects/FeatureServer/0,yes,unknown
amt-9dff89aef9fdc906,tpa-baacbee6eacaf0,381744.87,city_capital_project_estimated_cost,2026,public,https://arcgis.tampagov.net/arcgis/rest/services/CapitalProjects/CityWideProjectsPublic/FeatureServer/1,yes,unknown
amt-6606997539d563ec,tpa-72f4a0c1feefc0,960089.00,city_capital_project_estimated_cost,,public,https://arcgis.tampagov.net/arcgis/rest/services/CapitalProjects/CapitalProjects/FeatureServer/0,yes,unknown
amt-30b927913c016b28,tpa-1ea3e05b83e7c2,6753985.65,city_capital_project_estimated_cost,,public,https://arcgis.tampagov.net/arcgis/rest/services/CapitalProjects/CapitalProjects/FeatureServer/0,yes,unknown
amt-9957c2c9eca3c9cb,tpa-9d34844c6ba829,790573.70,city_capital_project_estimated_cost,,public,https://arcgis.tampagov.net/arcgis/rest/services/CapitalProjects/CapitalProjects/FeatureServer/0,yes,unknown
amt-962f4088cc1bdaac,tpa-939fdc9d884da6,3540279.16,city_capital_project_estimated_cost,,public,https://arcgis.tampagov.net/arcgis/rest/services/CapitalProjects/CapitalProjects/FeatureServer/0,yes,unknown
amt-8446b1469316dd20,tpa-67961e1f4e58b9,7888229.34,city_capital_project_estimated_cost,,public,https://arcgis.tampagov.net/arcgis/rest/services/CapitalProjects/CapitalProjects/FeatureServer/0,yes,unknown
amt-e4b9e54423b5982f,tpa-afd81dcef4c512,7557672.79,city_capital_project_estimated_cost,2026,public,https://arcgis.tampagov.net/arcgis/rest/services/CapitalProjects/CityWideProjectsPublic/FeatureServer/1,yes,unknown
amt-175cb4eb52f13165,tpa-ea50201a8b064c,4135485.57,city_capital_project_estimated_cost,,public,https://arcgis.tampagov.net/arcgis/rest/services/CapitalProjects/CapitalProjects/FeatureServer/0,yes,unknown
amt-5c9bcf21ec6c63b2,tpa-37c22d5ebd6c37,230346.81,city_capital_project_estimated_cost,,public,https://arcgis.tampagov.net/arcgis/rest/services/CapitalProjects/CapitalProjects/FeatureServer/0,yes,unknown
amt-10d24edc12e86998,tpa-417fef4016218d,4297504.96,city_capital_project_estimated_cost,,public,https://arcgis.tampagov.net/arcgis/rest/services/CapitalProjects/CapitalProjects/FeatureServer/0,yes,unknown
amt-efdef83308417dc7,tpa-0b02b71e5595b6,1536564.04,city_capital_project_estimated_cost,,public,https://arcgis.tampagov.net/arcgis/rest/services/CapitalProjects/CapitalProjects/FeatureServer/0,yes,unknown
amt-7f743f68b28e699e,tpa-2048c8f04ec947,1447393.74,city_capital_project_estimated_cost,,public,https://arcgis.tampagov.net/arcgis/rest/services/CapitalProjects/CapitalProjects/FeatureServer/0,yes,unknown
amt-bd0390ebe62f8da9,tpa-1ba7d9bdab9565,1843418.60,city_capital_project_estimated_cost,,public,https://arcgis.tampagov.net/arcgis/rest/services/CapitalProjects/CapitalProjects/FeatureServer/0,yes,unknown
amt-4ef6919fd44839b0,tpa-cd9ff596671203,30000000.00,city_capital_project_estimated_cost,2021,public,https://arcgis.tampagov.net/arcgis/rest/services/CapitalProjects/CityWideProjectsPublic/FeatureServer/0,yes,unknown
amt-71b86dafdb22d835,tpa-271c511449f1e3,3160168.00,city_capital_project_estimated_cost,2021,public,https://arcgis.tampagov.net/arcgis/rest/services/CapitalProjects/CityWideProjectsPublic/FeatureServer/0,yes,unknown
amt-1e84bad1df6b5dc5,tpa-e70b04f43c4362,845790.00,city_capital_project_estimated_cost,2021,public,https://arcgis.tampagov.net/arcgis/rest/services/CapitalProjects/CityWideProjectsPublic/FeatureServer/0,yes,unknown
amt-e60b0ce3e30a3e0b,tpa-ec09b5aee38fe0,1248239.39,city_capital_project_estimated_cost,2021,public,https://arcgis.tampagov.net/arcgis/rest/services/CapitalProjects/CapitalProjects/FeatureServer/0,yes,unknown
amt-1d551c1acf3c9424,tpa-6b2e8e6ea29282,585000.00,city_capital_project_estimated_cost,2026,public,https://arcgis.tampagov.net/arcgis/rest/services/CapitalProjects/CityWideProjectsPublic/FeatureServer/1,yes,unknown
amt-f272292992c8ffe1,tpa-48ce4f012a0d8e,240703.55,city_capital_project_estimated_cost,2026,public,https://arcgis.tampagov.net/arcgis/rest/services/CapitalProjects/CityWideProjectsPublic/FeatureServer/1,yes,unknown
amt-a35a1c92a7999784,tpa-0bbca492f94243,1655134.57,city_capital_project_estimated_cost,2021,public,https://arcgis.tampagov.net/arcgis/rest/services/CapitalProjects/CapitalProjects/FeatureServer/0,yes,unknown
amt-733d7be23d41c1e5,tpa-2b64f75f74fca0,3417532.24,city_capital_project_estimated_cost,2021,public,https://arcgis.tampagov.net/arcgis/rest/services/CapitalProjects/CapitalProjects/FeatureServer/0,yes,unknown
amt-a5b34879368cbd5c,tpa-78ebc0296d7aaa,4534147.75,city_capital_project_estimated_cost,,public,https://arcgis.tampagov.net/arcgis/rest/services/CapitalProjects/CapitalProjects/FeatureServer/0,yes,unknown
amt-9eeb505dd46618c2,tpa-bf4c16d65ebd7d,208152.11,city_capital_project_estimated_cost,,public,https://arcgis.tampagov.net/arcgis/rest/services/CapitalProjects/CapitalProjects/FeatureServer/0,yes,unknown
