gap_id,priority,desired_records,current_coverage,authoritative_public_interface,bulk_access_status,next_action,dataset_role,core_status,last_checked
full_building_permits,very_high,All City building-permit records across permit types and statuses,"Partial: the Construction Inspections and Single-Family layers are selected published views, not the complete Accela permit database.",https://aca.tampa.gov/,No verified public bulk endpoint located,Request a privacy-minimized Accela export using docs/guides/PUBLIC_RECORDS_REQUEST.md,core_activity,not_added,2026-08-28
certificates_of_occupancy,very_high,Temporary and permanent certificates of occupancy,"None in the eight core layers; event types are reserved but unpopulated.",https://aca.tampa.gov/,No verified public bulk endpoint located,Request certificate identifiers dates types statuses and related permit IDs,lifecycle_evidence,not_added,2026-08-28
final_inspections,very_high,Inspection identifiers types dates results and explicit final indicators,"None in the eight core layers; the Construction Inspections layer contains permit records rather than individual inspection results.",https://aca.tampa.gov/,No verified public bulk endpoint located,Request inspection-level export with related permit IDs,lifecycle_evidence,not_added,2026-08-28
demolition_permits,high,Complete demolition-permit population,"Partial: demolition records can appear in the Construction Inspections layer but layer coverage is incomplete.",https://aca.tampa.gov/,No verified public bulk endpoint located,Include demolition record types in the requested Accela permit export,core_activity,partial_only,2026-08-28
planning_zoning_decisions,high,Disposition and decision records for zoning variances rezonings and special-use cases,"Partial: Development Coordination exposes active applications and source statuses but not a complete decision history.",https://aca.tampa.gov/,No verified public bulk endpoint located,Request planning record statuses decision dates and related record relationships,core_activity_and_lifecycle,partial_only,2026-08-28
capital_budget_history,high,Annual adopted capital budgets and amendments across years,"Partial: one separately dated Capital Projects Budget Book snapshot is included as context.",https://www.tampa.gov/budget,Current snapshot integrated; historical machine-readable series not assembled,Collect defined annual budget-book vintages without mixing appropriations with expenditures,finance_context,partial_only,2026-08-28
right_of_way_permits,medium,Active and historical right-of-way permits,"Not included; the City links an active ROW permit dashboard.",https://www.tampa.gov/tss-transportation/programs-and-services/right-way-permits,Public dashboard exists; source filters and historical completeness not yet audited,Audit the dashboard service before deciding whether it adds a distinct development question,core_activity_candidate,under_evaluation,2026-08-28
building_footprints,medium,Current building geometry for linkage and spatial context,Included as a privacy-minimized linkage source; matches remain heuristic and pending human review.,https://arcgis.tampagov.net/arcgis/rest/services/OpenData/Location/MapServer/0,Public ArcGIS layer integrated,Complete the frozen building-match validation before promoting linkage claims,context_linkage,integrated_pending_validation,2026-08-28
parcels,medium,Parcel identifiers and limited non-owner context for already linked activities,Included only for folios exposed by proposed City building-footprint matches.,https://arcgis.tampagov.net/arcgis/rest/services/Parcels/TaxParcel/FeatureServer/0,Public ArcGIS layer integrated with a field whitelist,Keep parcel context separate from activity counts and validate proposed links,context_linkage,integrated_pending_validation,2026-08-28
