source_id,changed_field,semantic_change_category,unique_retained_identities_affected,change_row_count,retained_record_denominator,affected_retained_rate,common_old_to_new_patterns,mass_refresh_warning
capital_improvements,ContractNumber,other_field_changed,6,6,189,0.031746,"[{""new_value"":""25-C-00013"",""old_value"":""23-C-00018"",""record_count"":2},{""new_value"":""25-C-00010"",""old_value"":""(blank)"",""record_count"":1},{""new_value"":""20-C-00016"",""old_value"":""20-C-0000016"",""record_count"":1},{""new_value"":""25-C-00020"",""old_value"":""23-C-00018"",""record_count"":1},{""new_value"":""26-C-00018"",""old_value"":""23-C-00018"",""record_count"":1}]",False
capital_improvements,Council,other_field_changed,3,3,189,0.015873,"[{""new_value"":""5"",""old_value"":""7"",""record_count"":3}]",False
capital_improvements,EBO,other_field_changed,20,20,189,0.10582,"[{""new_value"":""13.0"",""old_value"":""13"",""record_count"":4},{""new_value"":""14.0"",""old_value"":""14"",""record_count"":3},{""new_value"":""18.0"",""old_value"":""18"",""record_count"":3},{""new_value"":""30.0"",""old_value"":""30"",""record_count"":2},{""new_value"":""5.0"",""old_value"":""5"",""record_count"":2},{""new_value"":""6.0"",""old_value"":""6"",""record_count"":2},{""new_value"":""12.0"",""old_value"":""12"",""record_count"":1},{""new_value"":""17.0"",""old_value"":""17"",""record_count"":1},{""new_value"":""21.0"",""old_value"":""21"",""record_count"":1},{""new_value"":""9.0"",""old_value"":""9"",""record_count"":1}]",False
capital_improvements,EBOAttained,other_field_changed,8,8,189,0.042328,"[{""new_value"":""100.0"",""old_value"":""100"",""record_count"":3},{""new_value"":""2.0"",""old_value"":""2"",""record_count"":2},{""new_value"":""0.0"",""old_value"":""0"",""record_count"":1},{""new_value"":""19.0"",""old_value"":""19"",""record_count"":1},{""new_value"":""4.0"",""old_value"":""4"",""record_count"":1}]",False
capital_improvements,MapScale,other_field_changed,189,189,189,1.0,"[{""new_value"":""6000.0"",""old_value"":""6000"",""record_count"":189}]",True
capital_improvements,MultiYear,other_field_changed,1,1,189,0.005291,"[{""new_value"":""Yes"",""old_value"":""No"",""record_count"":1}]",False
capital_improvements,ProjectSiteURL,other_field_changed,2,2,189,0.010582,"[{""new_value"":""<a href=\""https://apps.tampagov.net/Directory_Lister/FileHandler.ashx?file=GIS%2f 1002797.pdf\""> 1002797</a>"",""old_value"":""(blank)"",""record_count"":1},{""new_value"":""<a href=\""https://apps.tampagov.net/Directory_Lister/FileHandler.ashx?file=GIS%2f1002941.pdf\"">1002941</a>"",""old_value"":""(blank)"",""record_count"":1}]",False
capital_improvements,WMBESLBE,other_field_changed,19,19,189,0.100529,"[{""new_value"":""2.0"",""old_value"":""2"",""record_count"":3},{""new_value"":""11.0"",""old_value"":""11"",""record_count"":2},{""new_value"":""28.0"",""old_value"":""28"",""record_count"":2},{""new_value"":""4.0"",""old_value"":""4"",""record_count"":2},{""new_value"":""6.0"",""old_value"":""6"",""record_count"":2},{""new_value"":""74.0"",""old_value"":""74"",""record_count"":2},{""new_value"":""0.0"",""old_value"":""0"",""record_count"":1},{""new_value"":""10.0"",""old_value"":""10"",""record_count"":1},{""new_value"":""100.0"",""old_value"":""100"",""record_count"":1},{""new_value"":""12.0"",""old_value"":""12"",""record_count"":1}]",False
capital_improvements,actual_cost,reported_actual_cost_changed,188,188,189,0.994709,"[{""new_value"":""0.0"",""old_value"":""0"",""record_count"":188}]",True
capital_improvements,capital_phase,capital_project_phase_changed,20,20,189,0.10582,"[{""new_value"":""P5: Closeout"",""old_value"":""P4: Construction"",""record_count"":10},{""new_value"":""P3: Procurement"",""old_value"":""P2: Design"",""record_count"":2},{""new_value"":""P4: Construction"",""old_value"":""P2: Design"",""record_count"":2},{""new_value"":""P5: Closeout"",""old_value"":""P2: Design"",""record_count"":2},{""new_value"":""P4: Construction"",""old_value"":""P3: Procurement"",""record_count"":2},{""new_value"":""P2: Design"",""old_value"":""P4: Construction"",""record_count"":2}]",False
capital_improvements,description,description_changed,8,8,189,0.042328,"[{""new_value"":""The Southeast Seminole Heights Drainage Basin, a historic 779‑acre urban area dating back to the early 1900s, experiences widespread flooding due to failing and undersized stormwater conveyance systems. A recent drainage study identified multiple improvement projects, and a subsequent feasibility study refined those recommendations. The City has since advanced these improvements into design and construction phases throughout the basin. The project includes approximately 16,300 linear feet of new stormwater culverts with associated laterals, inlets, system interconnections, and utility conflict‑resolution relocations. It also incorporates transportation‑related elements, sustainability treatment components, and upgrades to existing water infrastructure. In addition, the project will replace roughly 11,700 linear feet of water mains located outside the stormwater construction corridors. The City secured cooperative funding support from the Southwest Florida Water Management District (SWF"",""old_value"":""Design and construction of approximately 16,300 LF of stormwater culverts with associated laterals, inlets, interconnections to existing stormwater system, associated utility conflict resolution relocations, transportation elements, water main replacement upgrades and sustainability treatment elements. The project will also include certain transportation elements as well as the replacement of approximately 11,700 LF of water mains not in the same corridors as the proposed stormwater infrastructure"",""record_count"":1},{""new_value"":""This project includes the rehabilitation of approximately 42,000 linear feet of 8-inch through 21\"" diameter gravity sewers and the rehabilitation of 312 manholes."",""old_value"":""This project includes the rehabilitation of approximately 29,000 linear feet of 8-inch diameter gravity sewers and the rehabilitation of 123 manholes."",""record_count"":1},{""new_value"":""This project provides for the complete rehabilitation of Sulphur Springs Pumping Station at 7902 N. 13th St. The project will serve to rehabilitate the existing wet-dry type pumping station. This project will include replacement of pumps, piping, valves, and electrical improvements to ensure continued reliability of the station. The project also includes the installation of a backup generator to maintain station operation in the event of a power loss."",""old_value"":""This project provides for the complete rehabilitation of Sulphur Springs Pumping Station at 7902 N. 13th St. The project will serve to replace the existing wet-dry type pumping station with a more efficient, reliable, and serviceable submersible pumping station. It includes demolition of above ground building structure, pumps and electrical equipment and installation of new submersible pumps, piping, valves, control panel and electrical upgrades. The new electrical and control equipment will be installed aboveground and will be designed to provide protection from flooding and wind damage associated with storm events. The project also includes the installation of a backup generator to maintain station operation in the event of a power loss."",""record_count"":1},{""new_value"":""This project provides for the replacement of the force main that serves The 122nd Ave Pump Station, located at E 122nd Ave, west of Bruce B Downs Blvd. Proposed 1,100 feet of 8” PVC force main north on Bruce B Downs Blvd and connecting to the 16” 30th St force main."",""old_value"":""This project provides for the replacement of the force main that serves The 122nd Ave Pump Station, located at E 122nd Ave, west of Bruce B Downs Blvd. Proposed 1,100 feet of 8” PVC force main north on Bruce B Downs Blvd and connecting to the16” 30th St force main."",""record_count"":1},{""new_value"":""This project provides for the replacement of the force main that serves the Gunlock Pump Station at N Gunlock Ave and W Idlewild Ave. Proposed 2,500-ft of 10” force main from the Gunlock Pump Station to the Burke Pump Station on W Idlewild Ave."",""old_value"":""This project provides for the replacement of the force main that serves the Gunlock Pump Station at N Gunlock Ave and W Idlewild Ave. Proposed 2,500-ft of 10” force main from the Gunlock Pump Station to the Burke Pump Station on W Idlewild Ave, while maintaining the existing force main connection at Lincoln Avenue."",""record_count"":1},{""new_value"":""This project provides for the replacement of the force main that serves the Interbay Pump Station at Tyson and Interbay. Proposed 1,200 feet of 8” force main on Tyson Ave to Crescent and Country Club Ave."",""old_value"":""This project provides for the replacement of the force main that serves the Interbay Pump Station at Tyson and Interbay. Proposed 1,100 feet of 8” force main on Tyson Ave to Crescent and Country Club Ave."",""record_count"":1},{""new_value"":""This project provides for the replacement of the force main that serves the Lakeshore pumping station. Proposed 4,000 LF of 12” FM replacement."",""old_value"":""This project provides for the replacement of the force main that serves the Lakeshore pumping station. Proposed 3,100 LF of 12” FM replacement."",""record_count"":1},{""new_value"":""This project provides for the replacement of the force main that serves the Sherwood Heights Pumping Station. Proposed 2,475 feet of 8” force main on 26th St between 111th and 109th Avenues and 25th Street between 109th Avenue and Bougainvillea."",""old_value"":""This project provides for the replacement of the force main that serves the Sherwood Heights Pumping Station. Proposed 2,350 feet of 8” force main on 26th St between 111th and 109th Avenues and 25th Street between 109th Avenue and Bougainvillea."",""record_count"":1}]",False
capital_improvements,docpath,other_field_changed,9,9,189,0.047619,"[{""new_value"":""https://www.tampa.gov/project/SW250001"",""old_value"":""(blank)"",""record_count"":1},{""new_value"":""https://www.tampa.gov/project/SW250002"",""old_value"":""(blank)"",""record_count"":1},{""new_value"":""https://www.tampa.gov/project/SW50004"",""old_value"":""(blank)"",""record_count"":1},{""new_value"":""https://www.tampa.gov/project/SW50019"",""old_value"":""(blank)"",""record_count"":1},{""new_value"":""https://www.tampa.gov/project/SW50021"",""old_value"":""(blank)"",""record_count"":1},{""new_value"":""https://www.tampa.gov/project/SW60001"",""old_value"":""(blank)"",""record_count"":1},{""new_value"":""https://www.tampa.gov/project/SW60004"",""old_value"":""(blank)"",""record_count"":1},{""new_value"":""https://www.tampa.gov/project/SW60007"",""old_value"":""(blank)"",""record_count"":1},{""new_value"":""https://www.tampa.gov/project/SW60013"",""old_value"":""(blank)"",""record_count"":1}]",False
capital_improvements,estimated_cost,estimated_cost_changed,146,146,189,0.772487,"[{""new_value"":""1200000.0"",""old_value"":""1200000"",""record_count"":4},{""new_value"":""1500000.0"",""old_value"":""1500000"",""record_count"":4},{""new_value"":""1000000.0"",""old_value"":""1000000"",""record_count"":3},{""new_value"":""2000000.0"",""old_value"":""2000000"",""record_count"":3},{""new_value"":""500000.0"",""old_value"":""500000"",""record_count"":3},{""new_value"":""1600000.0"",""old_value"":""1600000"",""record_count"":2},{""new_value"":""1801300.0"",""old_value"":""1801300"",""record_count"":2},{""new_value"":""300000.0"",""old_value"":""300000"",""record_count"":2},{""new_value"":""900000.0"",""old_value"":""900000"",""record_count"":2},{""new_value"":""92700000.0"",""old_value"":""100400000"",""record_count"":1}]",True
capital_improvements,fiscalyr,other_field_changed,7,7,189,0.037037,"[{""new_value"":""2027"",""old_value"":""2026"",""record_count"":2},{""new_value"":""2027"",""old_value"":""2025"",""record_count"":1},{""new_value"":""2028"",""old_value"":""2027"",""record_count"":1},{""new_value"":""2028"",""old_value"":""On Hold"",""record_count"":1},{""new_value"":""2027"",""old_value"":""TBD"",""record_count"":1},{""new_value"":""TBD"",""old_value"":""n/a"",""record_count"":1}]",False
capital_improvements,funded,other_field_changed,1,1,189,0.005291,"[{""new_value"":""Yes"",""old_value"":""No"",""record_count"":1}]",False
capital_improvements,planned_end,planned_date_changed,30,30,189,0.15873,"[{""new_value"":""1788540856000"",""old_value"":""(blank)"",""record_count"":1},{""new_value"":""1811681481000"",""old_value"":""(blank)"",""record_count"":1},{""new_value"":""1914411282000"",""old_value"":""(blank)"",""record_count"":1},{""new_value"":""1801458000000"",""old_value"":""1777608000000"",""record_count"":1},{""new_value"":""1787744848000"",""old_value"":""1780055248000"",""record_count"":1},{""new_value"":""1759291200000"",""old_value"":""1780286400000"",""record_count"":1},{""new_value"":""1775016000000"",""old_value"":""1780286400000"",""record_count"":1},{""new_value"":""1777608000000"",""old_value"":""1780286400000"",""record_count"":1},{""new_value"":""1798693200000"",""old_value"":""1782792000000"",""record_count"":1},{""new_value"":""1772341200000"",""old_value"":""1782878400000"",""record_count"":1}]",False
capital_improvements,planned_start,planned_date_changed,16,16,189,0.084656,"[{""new_value"":""1786553647000"",""old_value"":""(blank)"",""record_count"":1},{""new_value"":""1796046666000"",""old_value"":""(blank)"",""record_count"":1},{""new_value"":""1806584064000"",""old_value"":""(blank)"",""record_count"":1},{""new_value"":""1743480000000"",""old_value"":""1746072000000"",""record_count"":1},{""new_value"":""1759291200000"",""old_value"":""1746072000000"",""record_count"":1},{""new_value"":""1754020800000"",""old_value"":""1759204800000"",""record_count"":1},{""new_value"":""1759291200000"",""old_value"":""1759204800000"",""record_count"":1},{""new_value"":""1772341200000"",""old_value"":""1765774800000"",""record_count"":1},{""new_value"":""1811858340000"",""old_value"":""1767106740000"",""record_count"":1},{""new_value"":""1799038800000"",""old_value"":""1767243600000"",""record_count"":1}]",False
capital_improvements,project_name,project_name_changed,6,6,189,0.031746,"[{""new_value"":""17th and Annona"",""old_value"":""17TH and Annona"",""record_count"":1},{""new_value"":""30th Street (USF) Force Main Relocation"",""old_value"":""30th St and Fowler - USF FM Extension"",""record_count"":1},{""new_value"":""Belmont Heights Gravity Sewer Rehabilitation by CIPP Lining"",""old_value"":""Belmont Heights Gravity Sewer CIPP Lining"",""record_count"":1},{""new_value"":""Clark and Fair Oaks"",""old_value"":""Clark and Fairoaks"",""record_count"":1},{""new_value"":""Sulphur Springs Pumping Station Design Build"",""old_value"":""Sulphur Springs Pumping Station"",""record_count"":1},{""new_value"":""Waters Ave Gravity Sewer Rehabilitation by CIPP"",""old_value"":""Waters Ave Gravity Sewer Rehabilitation"",""record_count"":1}]",False
capital_improvements,rationale,other_field_changed,1,1,189,0.005291,"[{""new_value"":""Relieve flooding in residential and commercial areas. Reduce pollution in Hillsborough River and Tampa Bay. Infrastructure upgrades. Enhance vehicle, pedestrian and bicycle safety along Central Avenue."",""old_value"":""Flooding Relief/ Water Quality Improvement"",""record_count"":1}]",False
capital_improvements,safety,other_field_changed,1,1,189,0.005291,"[{""new_value"":""Yes"",""old_value"":""No"",""record_count"":1}]",False
capital_improvements,status,status_changed,25,25,189,0.132275,"[{""new_value"":""Closeout"",""old_value"":""Construction in Progress"",""record_count"":9},{""new_value"":""90% Design Completion"",""old_value"":""30% Design Completion"",""record_count"":2},{""new_value"":""Construction in Progress"",""old_value"":""Permitting/Submittals Approval"",""record_count"":2},{""new_value"":""60% Design Completion"",""old_value"":""30% Design Completion"",""record_count"":1},{""new_value"":""Construction in Progress"",""old_value"":""60% Design Completion"",""record_count"":1},{""new_value"":""Closeout"",""old_value"":""90% Design Completion"",""record_count"":1},{""new_value"":""Construction in Progress"",""old_value"":""90% Design Completion"",""record_count"":1},{""new_value"":""Permitting/Submittals Approval"",""old_value"":""90% Design Completion"",""record_count"":1},{""new_value"":""Project Startup"",""old_value"":""90% Design Completion"",""record_count"":1},{""new_value"":""30% Design Completion"",""old_value"":""Construction in Progress"",""record_count"":1}]",False
capital_locations_line,ContractNumber,other_field_changed,1,1,101,0.009901,"[{""new_value"":""23-C-00013"",""old_value"":""23-C-00018"",""record_count"":1}]",False
capital_locations_line,EBO,other_field_changed,1,1,101,0.009901,"[{""new_value"":""17.0"",""old_value"":""17"",""record_count"":1}]",False
capital_locations_line,EBOAttained,other_field_changed,1,1,101,0.009901,"[{""new_value"":""19.0"",""old_value"":""19"",""record_count"":1}]",False
capital_locations_line,MapScale,other_field_changed,101,101,101,1.0,"[{""new_value"":""6000.0"",""old_value"":""6000"",""record_count"":100},{""new_value"":""6002.0"",""old_value"":""6002"",""record_count"":1}]",True
capital_locations_line,MultiYear,other_field_changed,1,1,101,0.009901,"[{""new_value"":""(blank)"",""old_value"":""No"",""record_count"":1}]",False
capital_locations_line,actual_cost,reported_actual_cost_changed,5,5,101,0.049505,"[{""new_value"":""0.0"",""old_value"":""0"",""record_count"":3},{""new_value"":""1645831.0"",""old_value"":""1645831"",""record_count"":1},{""new_value"":""2544487.0"",""old_value"":""2544487"",""record_count"":1}]",False
capital_locations_line,capital_phase,capital_project_phase_changed,5,5,101,0.049505,"[{""new_value"":""P5: Closeout"",""old_value"":""P2: Design"",""record_count"":2},{""new_value"":""P2: Design"",""old_value"":""P1: Planning"",""record_count"":1},{""new_value"":""P4: Construction"",""old_value"":""P2: Design"",""record_count"":1},{""new_value"":""P2: Design"",""old_value"":""P4: Construction"",""record_count"":1}]",False
capital_locations_line,estimated_cost,estimated_cost_changed,78,78,101,0.772277,"[{""new_value"":""1000000.0"",""old_value"":""1000000"",""record_count"":3},{""new_value"":""500000.0"",""old_value"":""500000"",""record_count"":2},{""new_value"":""101000.0"",""old_value"":""101000"",""record_count"":1},{""new_value"":""1029250.0"",""old_value"":""1029250"",""record_count"":1},{""new_value"":""1030028.0"",""old_value"":""1030028"",""record_count"":1},{""new_value"":""116600.0"",""old_value"":""116600"",""record_count"":1},{""new_value"":""1188166.0"",""old_value"":""1188166"",""record_count"":1},{""new_value"":""120000.0"",""old_value"":""120000"",""record_count"":1},{""new_value"":""1302470.0"",""old_value"":""1302470"",""record_count"":1},{""new_value"":""1346000.0"",""old_value"":""1346000"",""record_count"":1}]",True
capital_locations_line,fiscalyr,other_field_changed,3,3,101,0.029703,"[{""new_value"":""2027"",""old_value"":""2026"",""record_count"":2},{""new_value"":""2026"",""old_value"":""2028"",""record_count"":1}]",False
capital_locations_line,funded,other_field_changed,1,1,101,0.009901,"[{""new_value"":""Yes"",""old_value"":""No"",""record_count"":1}]",False
capital_locations_line,planned_end,planned_date_changed,7,7,101,0.069307,"[{""new_value"":""1788480000000"",""old_value"":""(blank)"",""record_count"":1},{""new_value"":""1787702400000"",""old_value"":""1780185600000"",""record_count"":1},{""new_value"":""1796083200000"",""old_value"":""1782864000000"",""record_count"":1},{""new_value"":""1796083200000"",""old_value"":""1793491200000"",""record_count"":1},{""new_value"":""1827619200000"",""old_value"":""1793491200000"",""record_count"":1},{""new_value"":""1843430400000"",""old_value"":""1806364800000"",""record_count"":1},{""new_value"":""1780272000000"",""old_value"":""1859241600000"",""record_count"":1}]",False
capital_locations_line,planned_start,planned_date_changed,5,5,101,0.049505,"[{""new_value"":""1786492800000"",""old_value"":""(blank)"",""record_count"":1},{""new_value"":""1811808000000"",""old_value"":""1767052800000"",""record_count"":1},{""new_value"":""1785542400000"",""old_value"":""1782864000000"",""record_count"":1},{""new_value"":""1798761600000"",""old_value"":""1782864000000"",""record_count"":1},{""new_value"":""1775001600000"",""old_value"":""1830297600000"",""record_count"":1}]",False
capital_locations_line,safety,other_field_changed,1,1,101,0.009901,"[{""new_value"":""Yes"",""old_value"":""No"",""record_count"":1}]",False
capital_locations_line,status,status_changed,5,5,101,0.049505,"[{""new_value"":""Closeout"",""old_value"":""90% Design Completion"",""record_count"":2},{""new_value"":""Construction in Progress"",""old_value"":""60% Design Completion"",""record_count"":1},{""new_value"":""30% Design Completion"",""old_value"":""Construction in Progress"",""record_count"":1},{""new_value"":""30% Design Completion"",""old_value"":""Planning"",""record_count"":1}]",False
capital_locations_point,EBO,other_field_changed,1,1,57,0.017544,"[{""new_value"":""24.0"",""old_value"":""24"",""record_count"":1}]",False
capital_locations_point,EBOAttained,other_field_changed,1,1,57,0.017544,"[{""new_value"":""100.0"",""old_value"":""100"",""record_count"":1}]",False
capital_locations_point,MapScale,other_field_changed,57,57,57,1.0,"[{""new_value"":""6000.0"",""old_value"":""6000"",""record_count"":57}]",True
capital_locations_point,actual_cost,reported_actual_cost_changed,12,12,57,0.210526,"[{""new_value"":""0.0"",""old_value"":""0"",""record_count"":10},{""new_value"":""1500000.0"",""old_value"":""1500000"",""record_count"":1},{""new_value"":""300000.0"",""old_value"":""300000"",""record_count"":1}]",False
capital_locations_point,capital_phase,capital_project_phase_changed,1,1,57,0.017544,"[{""new_value"":""P5: Closeout"",""old_value"":""P4: Construction"",""record_count"":1}]",False
capital_locations_point,estimated_cost,estimated_cost_changed,52,52,57,0.912281,"[{""new_value"":""1200000.0"",""old_value"":""1200000"",""record_count"":5},{""new_value"":""225000.0"",""old_value"":""225000"",""record_count"":5},{""new_value"":""1500000.0"",""old_value"":""1500000"",""record_count"":2},{""new_value"":""1801300.0"",""old_value"":""1801300"",""record_count"":2},{""new_value"":""900000.0"",""old_value"":""900000"",""record_count"":2},{""new_value"":""1046500.0"",""old_value"":""1046500"",""record_count"":1},{""new_value"":""1081564.0"",""old_value"":""1081564"",""record_count"":1},{""new_value"":""1093671.0"",""old_value"":""1093671"",""record_count"":1},{""new_value"":""1130005.0"",""old_value"":""1130005"",""record_count"":1},{""new_value"":""1150000.0"",""old_value"":""1150000"",""record_count"":1}]",True
capital_locations_point,fiscalyr,other_field_changed,2,2,57,0.035088,"[{""new_value"":""2027"",""old_value"":""2026"",""record_count"":2}]",False
capital_locations_point,planned_end,planned_date_changed,6,6,57,0.105263,"[{""new_value"":""1838160000000"",""old_value"":""1819756800000"",""record_count"":2},{""new_value"":""1788825600000"",""old_value"":""1787961600000"",""record_count"":1},{""new_value"":""1787616000000"",""old_value"":""1793318400000"",""record_count"":1},{""new_value"":""1803859200000"",""old_value"":""1798761600000"",""record_count"":1},{""new_value"":""1803859200000"",""old_value"":""1806537600000"",""record_count"":1}]",False
capital_locations_point,planned_start,planned_date_changed,2,2,57,0.035088,"[{""new_value"":""1825027200000"",""old_value"":""1803859200000"",""record_count"":1},{""new_value"":""1788220800000"",""old_value"":""1806537600000"",""record_count"":1}]",False
capital_locations_point,status,status_changed,1,1,57,0.017544,"[{""new_value"":""Closeout"",""old_value"":""Construction in Progress"",""record_count"":1}]",False
capital_locations_polygon,ContractNumber,other_field_changed,7,7,34,0.205882,"[{""new_value"":""24-C0041"",""old_value"":""(blank)"",""record_count"":2},{""new_value"":""1001176"",""old_value"":""(blank)"",""record_count"":1},{""new_value"":""19-C-00012"",""old_value"":""(blank)"",""record_count"":1},{""new_value"":""19-C-00059"",""old_value"":""(blank)"",""record_count"":1},{""new_value"":""22-D-38206"",""old_value"":""(blank)"",""record_count"":1},{""new_value"":""24-C00039"",""old_value"":""(blank)"",""record_count"":1}]",False
capital_locations_polygon,Council,other_field_changed,18,18,34,0.529412,"[{""new_value"":""4"",""old_value"":""(blank)"",""record_count"":6},{""new_value"":""5"",""old_value"":""(blank)"",""record_count"":6},{""new_value"":""6"",""old_value"":""(blank)"",""record_count"":4},{""new_value"":""7"",""old_value"":""(blank)"",""record_count"":2}]",False
capital_locations_polygon,EBO,other_field_changed,4,4,34,0.117647,"[{""new_value"":""30.0"",""old_value"":""(blank)"",""record_count"":1},{""new_value"":""8.6"",""old_value"":""(blank)"",""record_count"":1},{""new_value"":""21.0"",""old_value"":""21"",""record_count"":1},{""new_value"":""30.0"",""old_value"":""30"",""record_count"":1}]",False
capital_locations_polygon,EBOAttained,other_field_changed,2,2,34,0.058824,"[{""new_value"":""11.2"",""old_value"":""(blank)"",""record_count"":1},{""new_value"":""0.0"",""old_value"":""0"",""record_count"":1}]",False
capital_locations_polygon,MapScale,other_field_changed,34,34,34,1.0,"[{""new_value"":""6000.0"",""old_value"":""6000"",""record_count"":34}]",True
capital_locations_polygon,MultiYear,other_field_changed,4,4,34,0.117647,"[{""new_value"":""Yes"",""old_value"":""No"",""record_count"":4}]",False
capital_locations_polygon,Neighborhood,other_field_changed,18,18,34,0.529412,"[{""new_value"":""East Forest Hills"",""old_value"":""(blank)"",""record_count"":2},{""new_value"":""Old Seminole Heights"",""old_value"":""(blank)"",""record_count"":2},{""new_value"":""Tampa Overlook"",""old_value"":""(blank)"",""record_count"":2},{""new_value"":""Beach Park"",""old_value"":""(blank)"",""record_count"":1},{""new_value"":""Belmar Gardens"",""old_value"":""(blank)"",""record_count"":1},{""new_value"":""Carver City Lincoln Gardens"",""old_value"":""(blank)"",""record_count"":1},{""new_value"":""East Side Commercial"",""old_value"":""(blank)"",""record_count"":1},{""new_value"":""FairOaks Manhattan"",""old_value"":""(blank)"",""record_count"":1},{""new_value"":""Golfview"",""old_value"":""(blank)"",""record_count"":1},{""new_value"":""Interbay - South of Gandy"",""old_value"":""(blank)"",""record_count"":1}]",False
capital_locations_polygon,ProjectSiteURL,other_field_changed,18,18,34,0.529412,"[{""new_value"":""<a href=\""https://apps.tampagov.net/Directory_Lister/FileHandler.ashx?file=GIS%2f1001955.pdf\"">1001955</a>"",""old_value"":""(blank)"",""record_count"":3},{""new_value"":""<a href=\""https://apps.tampagov.net/Directory_Lister/FileHandler.ashx?file=GIS%2f1000751.pdf\"">1000751</a>"",""old_value"":""(blank)"",""record_count"":2},{""new_value"":""<a href=\""https://apps.tampagov.net/Directory_Lister/FileHandler.ashx?file=GIS%2f 1002651.pdf\""> 1002651</a>"",""old_value"":""(blank)"",""record_count"":1},{""new_value"":""<a href=\""https://apps.tampagov.net/Directory_Lister/FileHandler.ashx?file=GIS%2f1000750.pdf\"">1000750</a>"",""old_value"":""(blank)"",""record_count"":1},{""new_value"":""<a href=\""https://apps.tampagov.net/Directory_Lister/FileHandler.ashx?file=GIS%2f1001151.pdf\"">1001151</a>"",""old_value"":""(blank)"",""record_count"":1},{""new_value"":""<a href=\""https://apps.tampagov.net/Directory_Lister/FileHandler.ashx?file=GIS%2f1001171.pdf\"">1001171</a>"",""old_value"":""(blank)"",""record_count"":1},{""new_value"":""<a href=\""https://apps.tampagov.net/Directory_Lister/FileHandler.ashx?file=GIS%2f1001176.pdf\"">1001176</a>"",""old_value"":""(blank)"",""record_count"":1},{""new_value"":""<a href=\""https://apps.tampagov.net/Directory_Lister/FileHandler.ashx?file=GIS%2f1001527.pdf\"">1001527</a>"",""old_value"":""(blank)"",""record_count"":1},{""new_value"":""<a href=\""https://apps.tampagov.net/Directory_Lister/FileHandler.ashx?file=GIS%2f1001585.pdf\"">1001585</a>"",""old_value"":""(blank)"",""record_count"":1},{""new_value"":""<a href=\""https://apps.tampagov.net/Directory_Lister/FileHandler.ashx?file=GIS%2f1002178.pdf\"">1002178</a>"",""old_value"":""(blank)"",""record_count"":1}]",False
capital_locations_polygon,RelatedProject,other_field_changed,5,5,34,0.147059,"[{""new_value"":""No"",""old_value"":""(blank)"",""record_count"":5}]",False
capital_locations_polygon,WMBESLBE,other_field_changed,4,4,34,0.117647,"[{""new_value"":""0.0"",""old_value"":""0"",""record_count"":1},{""new_value"":""11.0"",""old_value"":""11"",""record_count"":1},{""new_value"":""12.0"",""old_value"":""12"",""record_count"":1},{""new_value"":""25.0"",""old_value"":""25"",""record_count"":1}]",False
capital_locations_polygon,actual_cost,reported_actual_cost_changed,15,15,34,0.441176,"[{""new_value"":""0.0"",""old_value"":""0"",""record_count"":15}]",False
capital_locations_polygon,capital_phase,capital_project_phase_changed,10,10,34,0.294118,"[{""new_value"":""P4: Construction"",""old_value"":""P2: Design"",""record_count"":2},{""new_value"":""P5: Closeout"",""old_value"":""P4: Construction"",""record_count"":2},{""new_value"":""P1: Planning"",""old_value"":""(blank)"",""record_count"":1},{""new_value"":""P3: Procurement"",""old_value"":""(blank)"",""record_count"":1},{""new_value"":""P5: Closeout"",""old_value"":""(blank)"",""record_count"":1},{""new_value"":""P3: Procurement"",""old_value"":""P2: Design"",""record_count"":1},{""new_value"":""P5: Closeout"",""old_value"":""P3: Procurement"",""record_count"":1},{""new_value"":""P2: Design"",""old_value"":""P4: Construction"",""record_count"":1}]",False
capital_locations_polygon,estimated_cost,estimated_cost_changed,34,34,34,1.0,"[{""new_value"":""90000.0"",""old_value"":""90000"",""record_count"":4},{""new_value"":""2000000.0"",""old_value"":""2000000"",""record_count"":2},{""new_value"":""500000.0"",""old_value"":""500000"",""record_count"":2},{""new_value"":""100000.0"",""old_value"":""100000"",""record_count"":1},{""new_value"":""1100000.0"",""old_value"":""1100000"",""record_count"":1},{""new_value"":""1200000.0"",""old_value"":""1200000"",""record_count"":1},{""new_value"":""1270000.0"",""old_value"":""1270000"",""record_count"":1},{""new_value"":""700000.0"",""old_value"":""150000"",""record_count"":1},{""new_value"":""1500000.0"",""old_value"":""1500000"",""record_count"":1},{""new_value"":""11000000.0"",""old_value"":""200000"",""record_count"":1}]",True
capital_locations_polygon,fiscalyr,other_field_changed,4,4,34,0.117647,"[{""new_value"":""2027"",""old_value"":""2025"",""record_count"":1},{""new_value"":""2027"",""old_value"":""2026"",""record_count"":1},{""new_value"":""TBD"",""old_value"":""2027"",""record_count"":1},{""new_value"":""2028"",""old_value"":""On Hold"",""record_count"":1}]",False
capital_locations_polygon,funded,other_field_changed,7,7,34,0.205882,"[{""new_value"":""No"",""old_value"":""(blank)"",""record_count"":3},{""new_value"":""No"",""old_value"":""Yes"",""record_count"":3},{""new_value"":""Yes"",""old_value"":""(blank)"",""record_count"":1}]",False
capital_locations_polygon,fundsource,other_field_changed,3,3,34,0.088235,"[{""new_value"":""Stormwater Improvement Fee"",""old_value"":""(blank)"",""record_count"":2},{""new_value"":""Multiple Funding"",""old_value"":""Stormwater Improvement Fee"",""record_count"":1}]",False
capital_locations_polygon,planned_end,planned_date_changed,16,16,34,0.470588,"[{""new_value"":""1780286400000"",""old_value"":""1780272000000"",""record_count"":3},{""new_value"":""1785470400000"",""old_value"":""1785456000000"",""record_count"":1},{""new_value"":""1790740800000"",""old_value"":""1790726400000"",""record_count"":1},{""new_value"":""1796014800000"",""old_value"":""1795996800000"",""record_count"":1},{""new_value"":""1790740800000"",""old_value"":""1798675200000"",""record_count"":1},{""new_value"":""1814328000000"",""old_value"":""1814313600000"",""record_count"":1},{""new_value"":""1819684800000"",""old_value"":""1819670400000"",""record_count"":1},{""new_value"":""1819771200000"",""old_value"":""1819756800000"",""record_count"":1},{""new_value"":""1814414400000"",""old_value"":""1830211200000"",""record_count"":1},{""new_value"":""1817122502000"",""old_value"":""1830240487000"",""record_count"":1}]",False
capital_locations_polygon,planned_start,planned_date_changed,17,17,34,0.5,"[{""new_value"":""1746072000000"",""old_value"":""1746057600000"",""record_count"":2},{""new_value"":""1801458000000"",""old_value"":""1801440000000"",""record_count"":2},{""new_value"":""1635739200000"",""old_value"":""1635724800000"",""record_count"":1},{""new_value"":""1667275200000"",""old_value"":""1667260800000"",""record_count"":1},{""new_value"":""1759204800000"",""old_value"":""1753228800000"",""record_count"":1},{""new_value"":""1798779600000"",""old_value"":""1759276800000"",""record_count"":1},{""new_value"":""1759291200000"",""old_value"":""1761868800000"",""record_count"":1},{""new_value"":""1799038800000"",""old_value"":""1767225600000"",""record_count"":1},{""new_value"":""1769835600000"",""old_value"":""1769731200000"",""record_count"":1},{""new_value"":""1801458000000"",""old_value"":""1769904000000"",""record_count"":1}]",False
capital_locations_polygon,status,status_changed,13,13,34,0.382353,"[{""new_value"":""Closeout"",""old_value"":""(blank)"",""record_count"":2},{""new_value"":""90% Design Completion"",""old_value"":""(blank)"",""record_count"":1},{""new_value"":""Consultant/Contractor Selection Process"",""old_value"":""(blank)"",""record_count"":1},{""new_value"":""Planning"",""old_value"":""(blank)"",""record_count"":1},{""new_value"":""90% Design Completion"",""old_value"":""30% Design Completion"",""record_count"":1},{""new_value"":""Contract Negotiations"",""old_value"":""60% Design Completion"",""record_count"":1},{""new_value"":""Permitting/Submittals Approval"",""old_value"":""60% Design Completion"",""record_count"":1},{""new_value"":""Project Startup"",""old_value"":""90% Design Completion"",""record_count"":1},{""new_value"":""Closeout"",""old_value"":""Construction in Progress"",""record_count"":1},{""new_value"":""60% Design Completion"",""old_value"":""Planning"",""record_count"":1}]",False
construction_inspections,ADDRESS,other_field_changed,2,2,2419,0.000827,"[{""new_value"":""1701 W North A St"",""old_value"":""202 N Rome Ave"",""record_count"":1},{""new_value"":""533 Suwanee Cir"",""old_value"":""526 Suwanee Cir"",""record_count"":1}]",False
construction_inspections,PRIVATEPROVIDER,other_field_changed,3,3,2419,0.00124,"[{""new_value"":""Yes"",""old_value"":""No"",""record_count"":3}]",False
construction_inspections,description,description_changed,9,9,2419,0.003721,"[{""new_value"":""PP Inspections: *Project is located in a Special Flood Hazard Area* Construction of a new two-story single-family residence featuring a covered entry and rear porches. The residence will have 4 bedrooms and 5 1/2 bathrooms, with a shingle roof. New paver driveway."",""old_value"":""Construction of a new two-story single-family residence featuring a covered entry and rear porches. The residence will have 4 bedrooms and 5 1/2 bathrooms, with a shingle roof. New paver driveway."",""record_count"":1},{""new_value"":""PP Inspections: Early start for interior, non-structural work Only. No inspections may be scheduled until the permit is issued. Original work description. Remodel fire repair to Bldg G apts unit 1-18 includes Bldg, Mechanical, Electrical, Plumbing, and F/P. Site related work: sidewalk remova"",""old_value"":""Early start for interior, non-structural work Only. No inspections may be scheduled until the permit is issued. Original work description. Remodel fire repair to Bldg G apts unit 1-18 includes Bldg, Mechanical, Electrical, Plumbing, and F/P. Site related work: sidewalk removal for new overpo"",""record_count"":1},{""new_value"":""PP Plan Review & Inspections: FEMA SFHA: LIMITED PRIVATE PROVIDER – PLAN REVIEW AND INSPECTIONS. CITY OF TAMPA WILL REVIEW FOR SUBSTANTIAL IMPROVEMENT (SI), FLOOD LOAD, AND FLOOD RESISTANT MATERIALS. IF PROJECT IS SI, THE CITY WILL TAKE LEAD ON REVIEWS FOR ALL ITEMS UP TO THE REQUIRED DFE. THE C"",""old_value"":""FEMA SFHA: LIMITED PRIVATE PROVIDER – PLAN REVIEW AND INSPECTIONS. CITY OF TAMPA WILL REVIEW FOR SUBSTANTIAL IMPROVEMENT (SI), FLOOD LOAD, AND FLOOD RESISTANT MATERIALS. IF PROJECT IS SI, THE CITY WILL TAKE LEAD ON REVIEWS FOR ALL ITEMS UP TO THE REQUIRED DFE. THE CITY WILL TAKE LEAD ON INSPECTI"",""record_count"":1},{""new_value"":""NEW SINGLE FAMILY TOWNHOME - LOTS 1, 2, 3, 4, 5, 6, 7, 8 - BLOCK T7 - UTILITY PERMIT - UTL-22-0000963 3-story, 8 unit fee simple townhouses with attached garage, front porch and balcony Lot 1/Unit 1 - Physical Address: 1447 W Chestnut St Lot 2/Unit 2 - Physical Address: 1445 W Chestnut St Lot"",""old_value"":""NEW SINGLE FAMILY TOWNHOME - LOTS 1, 2, 3, 4, 5, 6, 7, 8 - BLOCK T7 - UTILITY PERMIT - UTL-22-0000963 3-story, 8 unit fee simple townhouses with attached garage, front porch and balcony Master Site-BLD-22-0493477"",""record_count"":1},{""new_value"":""PP Inspections: New Construction two story SFR"",""old_value"":""New Construction two story SFR"",""record_count"":1},{""new_value"":""PP Plan Review & Inspections: *Project is located in a Special Flood Hazard Area* NEW SFR - LOT 16 - BLOCK 6"",""old_value"":""PP Plan Review & Inspections: NEW SFR - LOT 16 - BLOCK 6 - PP PLANS & INSP"",""record_count"":1},{""new_value"":""REISSUE - Current permit is BTR-25-0608267 but the owner wants to do entire removal and replacement of electrical, plumbing, and mechanical.. Replacing drywall on walls and ceilings. Floor plan to remain the same. Original Application Date 8/7/2025"",""old_value"":""REISSUE - Current permit is BTR-25-0608267 but the owner wants to do some electrical and plumbing work. Replacing drywall on walls and ceilings. Floor plan to remain the same. Original Application Date 8/7/2025"",""record_count"":1},{""new_value"":""Repair the interior of the detached unit on this property. Repair drywall and paint. New floors. Update existing bathroom. New kitchen cabinets and countertop. Add minisplit"",""old_value"":""Repair the interior of the detached unit on this property. Repair drywall and paint. New floors. Update existing bathroom. New kitchen cabinets and countertop."",""record_count"":1},{""new_value"":""Apartment B. Repairing fire damaged framing and siding on the rear corner of the building, Electrical"",""old_value"":""Repairing fire damaged framing and siding on the rear corner of the building, Electrical"",""record_count"":1}]",False
construction_inspections,project_name,project_name_changed,7,7,2419,0.002894,"[{""new_value"":""FEMA: 2 STORY: NEW SFR"",""old_value"":""04-24-25 KPI | FEMA: 2 STORY: NEW SFR"",""record_count"":1},{""new_value"":""12-10-25 KPI | FEMA: PP: / Interior Alteration Buildout: West Shore Place"",""old_value"":""12-10-25 KPI | FEMA: PP / Interior Alteration Buildout: West Shore Place"",""record_count"":1},{""new_value"":""PP:Early Start: Bldg G: Int/Ext. Remodel"",""old_value"":""Early Start: Bldg G: Int/Ext. Remodel"",""record_count"":1},{""new_value"":""FEMA: PP: NEW 2 STORY SFR"",""old_value"":""FEMA:NEW 2 STORY SFR"",""record_count"":1},{""new_value"":""PP: Interior Renovation"",""old_value"":""Interior Renovation"",""record_count"":1},{""new_value"":""PP: New 2-Story SFR"",""old_value"":""New 2-Story SFR"",""record_count"":1},{""new_value"":""SEC: PP: Suite 200 Interior ALT (Vault Insurance)"",""old_value"":""SEC: PP Suite 200 Interior ALT (Vault Insurance)"",""record_count"":1}]",False
construction_inspections,status,status_changed,39,39,2419,0.016122,"[{""new_value"":""Revision"",""old_value"":""Issued"",""record_count"":37},{""new_value"":""Issued"",""old_value"":""Revision"",""record_count"":2}]",False
development_coordination,TENTATIVEHEARING,other_field_changed,3,3,252,0.011905,"[{""new_value"":""10/15/2026"",""old_value"":""08/27/2026"",""record_count"":1},{""new_value"":""10/17/2026"",""old_value"":""N/A"",""record_count"":1},{""new_value"":""12/10/2026"",""old_value"":""N/A"",""record_count"":1}]",False
development_coordination,TENTATIVETIME,other_field_changed,1,1,252,0.003968,"[{""new_value"":""17:01"",""old_value"":""(blank)"",""record_count"":1}]",False
development_coordination,status,status_changed,41,41,252,0.162698,"[{""new_value"":""In Process"",""old_value"":""Awaiting Client Reply"",""record_count"":15},{""new_value"":""Awaiting Client Reply"",""old_value"":""In Process"",""record_count"":14},{""new_value"":""Awaiting Client Reply"",""old_value"":""Open"",""record_count"":6},{""new_value"":""In Process"",""old_value"":""Open"",""record_count"":4},{""new_value"":""Open"",""old_value"":""Awaiting Client Reply"",""record_count"":2}]",False
historic_preservation,CREATEDDATE,other_field_changed,156,156,156,1.0,"[{""new_value"":""1788222704000"",""old_value"":""1787272260000"",""record_count"":88},{""new_value"":""1788222704000"",""old_value"":""1787272259000"",""record_count"":64},{""new_value"":""1788222705000"",""old_value"":""1787272260000"",""record_count"":2},{""new_value"":""1788222704000"",""old_value"":""1787272258000"",""record_count"":1},{""new_value"":""1788222702000"",""old_value"":""1787272259000"",""record_count"":1}]",True
historic_preservation,TEANTATIVEHEARING,other_field_changed,1,1,156,0.00641,"[{""new_value"":""10/05/2026"",""old_value"":""09/02/2026"",""record_count"":1}]",False
historic_preservation,status,status_changed,6,6,156,0.038462,"[{""new_value"":""Awaiting Client Reply"",""old_value"":""In Process"",""record_count"":4},{""new_value"":""In Process"",""old_value"":""Awaiting Client Reply"",""record_count"":1},{""new_value"":""Open"",""old_value"":""Awaiting Client Reply"",""record_count"":1}]",False
single_family_permits,ADDRESS,other_field_changed,1,1,992,0.001008,"[{""new_value"":""533 Suwanee Cir"",""old_value"":""526 Suwanee Cir"",""record_count"":1}]",False
single_family_permits,CREATEDDATE,other_field_changed,992,992,992,1.0,"[{""new_value"":""1788221063000"",""old_value"":""1787270668000"",""record_count"":979},{""new_value"":""1788221062000"",""old_value"":""1787270668000"",""record_count"":11},{""new_value"":""1788221063000"",""old_value"":""1787270665000"",""record_count"":1},{""new_value"":""1788221060000"",""old_value"":""1787270668000"",""record_count"":1}]",True
single_family_permits,TASK_DUE_DATE,other_field_changed,2,2,992,0.002016,"[{""new_value"":""1788307200000"",""old_value"":""1744156800000"",""record_count"":1},{""new_value"":""1787788800000"",""old_value"":""1747958400000"",""record_count"":1}]",False
single_family_permits,TASK_STATUS_DATE,other_field_changed,1,1,992,0.001008,"[{""new_value"":""1787702400000"",""old_value"":""1780012800000"",""record_count"":1}]",False
single_family_permits,status,status_changed,21,21,992,0.021169,"[{""new_value"":""Revision | Issued"",""old_value"":""Issued | Issued"",""record_count"":19},{""new_value"":""Issued | Issued"",""old_value"":""Revision | Issued"",""record_count"":2}]",False
